id,title,main_artist,danceability,energy,key,loudness,mode,acousticness,instrumentalness,liveness,valence,tempo,duration_ms,time_signature
2ioRyqcIHHd4GQYbCA9OFq,Bunker,Shannen SP,0.621,0.899,1,-7.601,0,0.263,0.000634,0.278,0.396,79.875,231012,4
0gU9YnQzBN6dliMA0BDYZs,Homogenized Milk,Special Interest,0.464,0.967,1,-8.12,0,1.68e-06,0.934,0.151,0.397,145.954,118497,4
5aUN0JnYZ7IDX2txwK7S7K,Don't Kiss Me in Public,Special Interest,0.434,0.8,6,-7.673,0,2.1e-06,0.794,0.129,0.401,154.918,158824,4
39mjm6wt4HJKH9CSEzLxsG,America,Sufjan Stevens,0.228,0.496,4,-11.547,0,0.857,0.639,0.0591,0.0362,121.117,749997,4
0EtcGmf2mVZbHWq2ZGP3t7,Spotlight,Jessie Ware,0.632,0.762,11,-8.555,0,0.0358,0.49,0.119,0.164,115.021,331933,4
1TZpVXWfeFsnoTz6idYnkW,Adore You,Jessie Ware,0.669,0.668,10,-11.039,0,0.299,0.199,0.105,0.201,106.989,226373,4
5tVbKij7vNLI0psFkkzyew,Gasoline,HAIM,0.68,0.714,1,-4.557,0,0.0675,0.00455,0.117,0.561,133.127,193373,4
0qcGEgckzEMycwSqY3fzz7,Los Angeles,HAIM,0.713,0.691,11,-5.011,1,0.0311,0.000927,0.0987,0.517,99.969,200000,4
6WbTTAGKrQtCQvmc5BuYfh,Girls in the Hood,Megan Thee Stallion,0.821,0.863,6,-3.159,1,0.00824,0.0,0.0377,0.874,180.013,154324,4
3iEbpvvr4Y8F7sQshQY1pS,Night Echoes,Kareem Ali,0.818,0.767,11,-8.278,0,0.0444,0.000286,0.347,0.38,128.059,316865,4
6IXZvjLHjcCiwZRCQkCMp7,Street Pulse Beat,Special Interest,0.496,0.912,1,-6.613,1,3.39e-06,0.885,0.196,0.122,139.927,270148,4
5uQRmdIqyMmKPWJcot4UmV,Garden Song,Phoebe Bridgers,0.528,0.273,0,-16.623,1,0.864,0.00617,0.111,0.158,98.311,219682,4
44spdItKKM7rOtKswbBG0U,Graceland Too,Phoebe Bridgers,0.44,0.34,10,-10.37,1,0.872,0.0,0.116,0.361,150.128,236350,4
5AJT2Tk8mnDEnCtsikWVu2,I Contain Multitudes,Bob Dylan,0.513,0.0816,0,-19.555,1,0.934,0.000132,0.108,0.129,132.491,276733,4
3BQnez3qUm6hdKwxXly7Rw,My Own Version of You,Bob Dylan,0.599,0.219,9,-19.148,1,0.886,0.000195,0.0891,0.214,170.841,401360,3
1hIS4cbc3yOt1bq6Tduagb,Tell You the Truth,JoogSzn,0.667,0.867,5,-5.85,1,0.546,0.0,0.103,0.673,94.129,217803,4
1oOFNBBi5La2s3jLOYvWoz,Backflip or Sumn,JoogSzn,0.648,0.704,10,-11.1,0,0.341,8.37e-05,0.2,0.772,89.051,201500,4
1EjzcBTVLV7ATtdsQwyV31,yankee and the brave (ep. 4),Run The Jewels,0.595,0.878,10,-5.63,0,0.172,0.0,0.303,0.746,82.007,146573,4
3vrOmd6lTTKXGjaYeq8kni,never look back,Run The Jewels,0.848,0.721,1,-8.791,1,0.134,0.000119,0.11,0.46,114.017,177187,4
3ATweXqVnpCWvAAUP2nCXs,Off Tha Strength,keiyaA,0.344,0.826,6,-5.971,0,0.67,0.000399,0.0731,0.526,81.796,152000,4
1KoVZ5Ailf8Txpn0EUuijm,I'm Deadass,Medhane,0.479,0.889,5,-5.705,0,0.711,0.00104,0.496,0.659,84.012,102813,4
5zNIVsxQGQYq3WAu13tkmn,insula,Moses Sumney,0.2,0.534,7,-12.886,1,0.478,0.871,0.0897,0.626,61.984,46960,4
4MswUZzge6KN5dmD8d77jk,before you go,Moses Sumney,0.608,0.319,2,-17.424,1,0.893,0.926,0.104,0.237,137.438,125813,4
4pCo0hx75daUKKkfi1XXOO,Jason,Perfume Genius,0.517,0.325,1,-7.599,1,0.35,1.8e-05,0.0847,0.343,73.375,185827,3
0iG3mAyMzBJPelgMs5xUAj,Your Body Changes Everything,Perfume Genius,0.706,0.751,1,-6.262,1,0.334,0.11,0.13,0.655,107.251,253560,3
0Pi8LSlZQkuad1RUvaLUbr,Angel,Standing On The Corner,0.385,0.702,2,-6.093,1,0.0492,0.0666,0.26,0.254,132.288,265227,3
6hJ11P5ojoMyBRBMQdjNcH,Money Is The One True God,Blake Mills,0.285,0.179,4,-17.478,0,0.957,0.767,0.107,0.317,178.025,415867,4
1xF030urgdbtdHHOgwRGgy,Summer All Over,Blake Mills,0.325,0.054,6,-21.665,1,0.965,0.74,0.102,0.0897,163.295,295453,3
0a0PxP0MTm9bsNOw7kdi7K,We,The Soft Pink Truth,0.717,0.367,0,-8.818,1,0.267,0.917,0.111,0.0498,125.99,329500,4
5v4GgrXPMghOnBBLmveLac,Savage Remix (feat. Beyoncé),Beyoncé,0.822,0.743,10,-4.772,0,0.016,0.0,0.127,0.636,84.459,242001,4
2arFCnIZKZnFFl1OxQJCqV,On,The Soft Pink Truth,0.391,0.186,0,-22.133,1,0.973,0.937,0.928,0.0608,120.087,282500,4
2MRo59IW5O13nu0BIBqhW0,For You,India Jordan,0.628,0.889,11,-6.675,1,0.0336,0.464,0.0822,0.886,138.005,337893,4
0KuEa4sgdWK2hIy4xwxVUr,WHOLE WORLD (feat. Maxo),Maxo,0.647,0.453,4,-11.782,1,0.584,0.0058,0.111,0.427,142.397,207515,4
1TrlxM7oO1pQYDLPM8AOiB,Hvnli,keiyaA,0.352,0.412,6,-14.873,0,0.643,0.422,0.354,0.563,104.937,189922,4
40bHMHpC762qf5pz3DSYMg,Negus Poem 1 & 2,keiyaA,0.478,0.371,8,-17.575,1,0.67,0.00143,0.112,0.356,79.608,214500,4
7eGoc6UmwiRAVnilTZajNC,Cosmonauts,Fiona Apple,0.547,0.472,0,-9.218,1,0.702,0.0,0.168,0.537,113.705,239310,4
0jH0IsCBGackT3RmHBbSUI,Ladies,Fiona Apple,0.562,0.307,6,-9.629,0,0.645,0.000551,0.107,0.28,133.836,325373,3
46LX0sSwIU4GFLcj23ZfMA,Gospel For A New Century,Yves Tumor,0.565,0.726,0,-6.715,1,0.00181,3.06e-06,0.103,0.715,178.078,198627,4
4chSRXrdadYm2ujaCyP3Cf,Super Stars,Yves Tumor,0.531,0.619,1,-7.285,1,0.00368,1.87e-05,0.0912,0.566,149.007,185560,4
0wPmVxQnJVmjKB8k3W4qq2,QADIR,Nick Hakim,0.577,0.712,8,-4.375,0,0.245,0.0143,0.0715,0.349,142.056,452032,4
55dw4v6Uw6lmqGUxM6vdzV,Murder Most Foul,Bob Dylan,0.361,0.174,0,-19.751,1,0.83,0.000512,0.0903,0.106,76.976,1014787,4
3yTTvsCA6oE8NZCjdQCejz,Oxbow,Waxahatchee,0.564,0.371,0,-12.268,1,0.521,0.000559,0.103,0.369,140.187,173093,4
5GFMJHEKCckGDUWGzBvrZJ,The Eye,Waxahatchee,0.539,0.447,10,-12.549,1,0.556,4.07e-05,0.114,0.578,173.977,258320,4
2jxHuRjSe2UYyuQNscjnx5,Witness,Lyra Pramuk,0.123,0.349,9,-10.906,0,0.908,0.558,0.0993,0.0361,148.08,452484,4
5c3MNRkVbOmJ2NrGkEQuaH,Mirror,Lyra Pramuk,0.307,0.48,5,-10.653,1,0.656,0.903,0.288,0.0599,179.217,184968,3
3cyJdcpXplwiAtvIvXssnE,Vanishing Twin,Blake Mills,0.375,0.156,6,-10.589,1,0.902,0.65,0.115,0.147,116.613,376872,4
7lWkreHFTUhYyLy1GRQk7O,The Overwhelming Event,Jay Electronica,0.278,0.428,5,-8.604,0,0.898,0.000833,0.171,0.0783,74.341,137004,4
5wJC8qlivbwAx29bnTecSn,A.P.I.D.T.A.,Jay Electronica,0.498,0.625,0,-10.678,1,0.145,0.00481,0.113,0.403,129.779,328366,4
36yzYaU0lRagD2uKo6ELwY,Fox,Dogleg,0.5,0.99,7,-4.001,1,0.000148,0.00737,0.187,0.176,100.069,170000,4
0yKg9SbwFfhvlMAZ1TX6rj,Kawasaki Backflip,Dogleg,0.221,0.993,1,-3.474,1,4.9e-05,0.000719,0.347,0.196,195.809,144027,4
67WYyxMKmuFd7E4pELpwcm,Born Confused,Porridge Radio,0.491,0.846,11,-4.071,0,0.00246,0.0,0.261,0.701,97.999,181213,4
0eebY457abvGirVtzV6Fa3,Don't Ask Me Twice,Porridge Radio,0.487,0.875,4,-5.223,0,0.00303,0.00469,0.154,0.657,88.823,201107,4
4B2oBPbkxxmTOuIHmPryic,The Neverending Story,Jay Electronica,0.261,0.547,5,-8.422,0,0.0478,1.15e-05,0.177,0.155,72.394,260723,4
1jDbQz6tr52WgScCTXMnaN,POP,Lil Uzi Vert,0.741,0.599,1,-6.672,0,0.00961,0.0,0.785,0.276,139.891,227474,4
0I8sfa0CqmJvCEYTUSOxWL,Overtime,U.S. Girls,0.623,0.676,1,-5.531,1,0.025,0.0732,0.207,0.601,131.323,174621,4
3ixfi8GozgKMn27BLPA2z8,Spotlight - Single Edit,Jessie Ware,0.65,0.697,11,-8.75,0,0.142,0.284,0.222,0.268,115.014,252693,4
4MZSqgwlE71CWZ6qQ3gkKm,<3,Bad Bunny,0.631,0.665,10,-7.589,0,0.602,1.7e-06,0.152,0.634,80.353,157967,4
75pQqzwgCjUOSSy5CpmAjy,Pero Ya No,Bad Bunny,0.882,0.612,4,-6.103,1,0.0475,5.07e-06,0.182,0.742,147.982,160638,4
4BR0bp4qHX1lcBM2HtnoIm,Gaslighter,The Chicks,0.681,0.728,2,-7.317,1,0.00624,0.0,0.055,0.693,131.017,203467,4
4ecDr6FxOupWQgTW9lmATk,Melt!,Kelly Lee Owens,0.786,0.918,7,-13.067,1,0.00888,0.91,0.11,0.412,131.035,214307,4
1LTWcRVy9o96Zzn29wXLsa,Garden Song,Phoebe Bridgers,0.371,0.256,0,-16.7,1,0.868,0.00507,0.112,0.171,195.674,220065,4
6pBaH4u4WIFDxzwDaazekR,Delete Forever,Grimes,0.563,0.739,8,-7.642,1,0.0138,0.104,0.174,0.397,94.991,237481,4
7vRvuaS5TalFruaBoApKUg,So Heavy I Fell Through the Earth - Algorithm Mix,Grimes,0.229,0.671,7,-7.94,1,0.00946,0.0343,0.069,0.326,90.013,232961,4
0bt7P4sertYry5PQJ6o0ZO,Gospel For A New Century,Yves Tumor,0.565,0.726,0,-6.715,1,0.00181,3.06e-06,0.103,0.715,178.078,198627,4
3pexh626z6y0VFieT8hvpF,Lilacs,Waxahatchee,0.74,0.695,7,-9.438,1,0.534,4.48e-05,0.0752,0.454,103.01,195600,4
1vebX4LzoQVFBMtnFmwEuX,Workaround Two,Beatrice Dillon,0.768,0.29,11,-13.383,0,0.0211,0.88,0.16,0.817,150.005,261566,4
3aEIaA52dHbkiiX9DerDd2,Workaround One,Beatrice Dillon,0.707,0.426,6,-18.989,1,0.0333,0.761,0.0696,0.67,74.988,217634,4
0KywIrJ4Xir4tS6q61aY1W,"People, I've been sad",Christine and the Queens,0.632,0.378,1,-9.096,0,0.257,0.000104,0.143,0.223,77.98,260877,4
69lWznHbSlGRz7ZpW48rVt,Where Did the Night Go,Makaya McCraven,0.494,0.396,9,-10.11,0,0.325,0.0,0.164,0.47,112.178,157467,5
0XNk6ItsKKNQ05uBkgWUxk,Special Tribute - (Broken Home pt. 1),Makaya McCraven,0.583,0.0217,8,-21.758,0,0.749,0.853,0.114,0.138,71.278,42333,3
2wcQaUeUAEOvGmtTFjw5th,Cue Synthesizer,Destroyer,0.598,0.948,0,-5.9,1,0.0612,0.184,0.366,0.784,79.996,235040,4
450mSU53qr1tR82x1Oc0bM,Crimson Tide,Destroyer,0.577,0.821,10,-6.3,1,0.000848,0.363,0.079,0.366,120.004,369987,4
6kZ0PLYm5sa2fUtMoZsiPh,C'mon Now,Jeff Parker,0.459,0.506,10,-10.963,1,0.291,0.733,0.233,0.907,170.013,25743,4
2rTdMqebwT5PMMjl7aWIUH,Max Brown,Jeff Parker,0.74,0.536,1,-7.949,1,0.613,0.899,0.111,0.148,101.942,636251,4
364AQozMcnSOXBliejGU6e,Gnarciss,Jeff Parker,0.386,0.671,8,-7.352,0,0.294,0.65,0.163,0.84,175.92,132357,4
1uYT0n7MROGWkj0z35tspr,Sweet,Porridge Radio,0.495,0.432,4,-9.337,0,0.0588,0.0,0.212,0.336,93.928,222840,4
0aFd6VklIpSvgM0hXW6TYC,Polly,Moses Sumney,0.391,0.256,10,-11.522,1,0.926,4.58e-05,0.0813,0.21,137.272,218413,4
6tb4Ymmb5ImdsEOWjcEjQH,Toyota Man,Neon Indian,0.561,0.866,7,-5.313,1,0.0677,4.33e-06,0.517,0.892,93.959,252883,4
4krOTBsThprgjbg4l7yOwS,Bromley,Overmono,0.51,0.701,4,-8.564,0,0.000326,0.769,0.121,0.26,132.979,404075,4
0VzcH5HJdvC1Gerxbucq4K,Inner Paths (To Outer Space),Blood Incantation,0.241,0.78,1,-10.085,1,0.00245,0.856,0.101,0.0761,127.42,337097,4
6wWgLfaH3stFctDkj0Nx44,Fox,Dogleg,0.5,0.99,7,-4.001,1,0.000148,0.00737,0.187,0.176,100.068,170000,4
6QRW5LyXtArAKluiyYfUA3,sad day,FKA twigs,0.434,0.469,0,-10.685,0,0.809,0.000215,0.0856,0.143,136.745,255720,4
0g6vOg1yaJ9ymIKIsNf1gb,Inner Paths (To Outer Space),Blood Incantation,0.241,0.78,1,-10.085,1,0.00245,0.856,0.101,0.0761,127.42,337097,4
3H44zNYVAnMM5vqAHVOZ6X,Ghosteen,Nick Cave & The Bad Seeds,0.159,0.238,0,-12.024,1,0.622,0.0322,0.112,0.0389,94.081,730678,4
5zN8zj9jRMCPWXMRsrMg9g,Love Without Possession,Julie Doiron,0.584,0.195,11,-13.77,1,0.846,0.0,0.111,0.273,115.281,272493,4
6IyPPX0nh83mzx4oZ9g7pB,Lark,Angel Olsen,0.448,0.56,7,-8.364,1,0.00341,0.0911,0.221,0.04,99.107,378827,4
0iAI4Nv50sU0LGRKmF555Z,Dirty Laundry,Danny Brown,0.555,0.615,2,-6.477,1,0.295,3.22e-06,0.297,0.436,174.076,184004,4
6ERZ30cRjVWGtVLhczX9aL,The greatest,Lana Del Rey,0.414,0.23,2,-12.379,0,0.942,0.0167,0.173,0.192,78.494,300361,3
0rIAC4PXANcKmitJfoqmVm,Motivation,Normani,0.599,0.887,4,-3.967,1,0.0192,1.21e-06,0.3,0.881,170.918,193837,4
7GQzohVmwbc3WdyqWqp9r9,Not,Big Thief,0.422,0.788,11,-6.57,1,0.101,0.00282,0.16,0.544,140.423,367093,4
1GZH9Sv6zCIse2GKihRHKy,Summer Girl - Bonus Track,HAIM,0.512,0.544,1,-7.953,0,0.356,0.0159,0.169,0.616,99.927,205027,4
4ZQdynvfiayhdoq5lcuCQ1,All Mirrors,Angel Olsen,0.429,0.689,7,-7.38,0,0.00299,0.00193,0.152,0.23,105.04,282027,4
2QXB9GugNcZqXrDXYowISU,Time Flies,Rico Nasty,0.596,0.933,6,-2.747,1,0.164,0.0,0.354,0.91,155.008,185806,4
4UQeq4HUvC5uPEA9pWTgPW,Gone,Christine and the Queens,0.906,0.438,6,-7.574,1,0.0425,2.18e-05,0.071,0.64,114.008,245480,4
6DnvvG2gOew4ZAv2ROK5lA,Ashes to Ashes,Jenny Hval,0.594,0.852,5,-7.515,1,0.461,0.0298,0.0876,0.249,107.962,255191,4
4iALA6dAUWWjONe6pPPSGs,True Blue (feat. Angel Olsen),Angel Olsen,0.558,0.781,6,-7.577,1,0.0631,0.0177,0.55,0.514,101.84,348489,4
6hp2rRmK0Z4ufTs1LCQAgY,LesAlpx,Floating Points,0.7,0.741,0,-11.692,1,0.000184,0.826,0.109,0.181,130.025,281142,4
30szdRUaBG6oI1jYedmZYd,Drømmen Om Ø - Forever Mix ’19,Kasper Marott,0.675,0.947,6,-8.462,0,0.00417,0.85,0.146,0.253,124.513,844804,4
1HRq7GRBsBhJpCPYWVJkrN,Incapable - Edit,Róisín Murphy,0.865,0.412,9,-9.878,0,0.0867,0.000547,0.0654,0.587,114.0,210526,4
3wo2vH5125yYbkxSRxyI6O,Gretel,Alex G,0.449,0.875,8,-6.172,1,0.118,0.469,0.29,0.43,140.078,190218,4
532y6Bp35aYucQtBZk7OiE,Incapable,Róisín Murphy,0.808,0.471,9,-9.824,0,0.0227,0.00506,0.0612,0.542,114.0,505862,4
6ysRK6One7O5GiRVvrs0x1,He,Jai Paul,0.743,0.441,11,-11.169,1,0.514,0.00524,0.309,0.465,95.024,268000,4
13JjdKeIUy6P916p3MemXn,Do You Love Her Now,Jai Paul,0.71,0.336,2,-11.001,1,0.542,0.0204,0.114,0.34,80.002,274995,4
146nEDCHUUvoDLOaf56r7K,Hurry On Home,Sleater-Kinney,0.594,0.88,1,-4.044,1,0.0263,0.00011,0.185,0.5,124.006,168208,4
6X3FZtz4cKU2MKSQlGG9ZG,Bags,Clairo,0.742,0.546,1,-7.694,1,0.172,0.38,0.115,0.868,104.996,260520,4
06ZHmM4mgVo2dermLajldi,Roses That Cry,Empath,0.214,0.859,2,-5.935,1,0.0032,0.0143,0.178,0.178,112.103,229888,4
3VwZqgfrM3xb1usuLprkTu,cellophane,FKA twigs,0.463,0.282,2,-12.075,1,0.884,0.000158,0.0983,0.244,106.952,204249,4
0awwOS43XbEg56EmKjyW4u,Hello Sunshine,Bruce Springsteen,0.546,0.438,2,-10.29,1,0.438,0.0443,0.192,0.274,120.022,234240,4
4UBUHPYZG7Xw8oUbJLrEBk,Drunk II,Mannequin Pussy,0.473,0.958,7,-3.67,1,4.11e-05,0.425,0.0793,0.47,136.022,268695,4
7LikBkHerFGZ58QHVOKp1t,Before I Let Go - Homecoming Live Bonus Track,Beyoncé,0.713,0.842,6,-5.424,0,0.0686,0.0,0.341,0.435,102.968,240777,4
6XuIdyNrQLqrwvBBjauzMv,The Colors That You Bring,Black Monument Ensemble,0.586,0.534,11,-12.693,0,0.466,0.000276,0.716,0.645,95.374,354307,4
46VD9EYQ2lIZcJUTptvuNF,This Life,Vampire Weekend,0.62,0.712,9,-6.434,1,0.228,3.39e-06,0.0561,0.83,170.234,268600,4
2qG5sZ7Si6sdK74qLxedYM,Con Altura,El Guincho,0.882,0.689,6,-4.027,1,0.39,0.00325,0.0501,0.746,97.963,161627,4
3Wx7jTOiNQir0Q9VpxYuhR,Cattails,Big Thief,0.556,0.58,1,-6.925,1,0.822,0.00594,0.111,0.702,80.514,245640,4
2VrONWfzJ7aeWPuHSYeFnx,About Work The Dancefloor - Edit,Georgia,0.633,0.832,10,-6.572,0,0.0134,0.000164,0.116,0.198,109.983,194119,4
1Ttu4TYbFIXYDFzOgfVedO,How To Build A Relationship,JPEGMAFIA,0.765,0.814,6,-3.399,0,0.0979,0.0,0.339,0.628,103.023,184817,4
71lcSbQwbTJtKvM6yt6vHY,Daylight Matters,Cate le Bon,0.669,0.348,0,-7.639,1,0.332,0.0185,0.0989,0.502,107.024,258143,4
4ZYFWXoHCIdsdgUdOMK9fr,Movies,Weyes Blood,0.0903,0.362,7,-8.929,0,0.646,0.402,0.106,0.0964,74.729,353732,4
1bdeu2z0xzWYp6YhHF5YGa,Eternal,Holly Herndon,0.453,0.725,9,-8.138,0,0.00459,2.84e-05,0.323,0.0657,111.947,285125,4
7yvdp8dqmxExSJwT2fn6Xq,Binz,Solange,0.863,0.625,8,-6.323,1,0.101,4.13e-06,0.166,0.456,83.98,111227,4
4waVSC9eSkrt6RxJK3DhwW,Only Human,Four Tet,0.822,0.585,10,-8.307,0,0.00012,0.138,0.0567,0.213,126.999,476220,4
2jXpiTuwwWbCSvpkKwCfwc,NCAA,2 Chainz,0.839,0.641,3,-5.837,0,0.178,0.0,0.135,0.462,120.037,248013,4
6IAgarq2wDeYzpsY2Kx0Hw,Almeda,Solange,0.827,0.553,1,-5.296,1,0.0227,1.52e-05,0.176,0.0631,110.015,236120,4
0DZfBeJhOPyjhqoaTkE3kZ,UFOF,Big Thief,0.623,0.613,10,-9.241,0,0.638,0.572,0.143,0.745,147.168,188413,4
5egX7vLsvKQM1MrulgPUsC,Running,Helado Negro,0.797,0.35,8,-13.238,1,0.783,0.653,0.115,0.159,120.003,264525,4
3wnwFm1qASQgFIYAVCcfkR,ZORA,Jamila Woods,0.57,0.811,10,-4.074,0,0.0844,0.0,0.172,0.511,82.928,186381,4
7qgRamJa4Rmxrm94hsJyY5,I Need You,Octo Octa,0.524,0.777,3,-8.431,0,0.599,0.877,0.123,0.32,125.017,575624,4
5XQ75iaAFR0NyU4m3Itrph,New Tribe,Powder,0.583,0.644,2,-10.123,1,0.00114,0.92,0.101,0.549,123.003,517117,3
6PkHqAw4FEjD2vsT5IEWdN,The Mint (feat. Navy Blue),Navy Blue,0.417,0.731,11,-4.989,1,0.00525,0.0352,0.621,0.575,134.003,165120,1
2rPE9A1vEgShuZxxzR2tZH,"thank u, next",Ariana Grande,0.724,0.647,1,-5.642,1,0.28,0.0,0.102,0.435,106.96,207333,4
1m6lqaLvUTxPjOo98fJH8U,Don't Come Out The House (with 21 Savage),21 Savage,0.87,0.35,1,-6.082,1,0.00661,0.000483,0.108,0.175,74.963,168347,4
75rUliprhl9tf4MjPyWBKJ,This Time Around,Jessica Pratt,0.424,0.0977,11,-13.594,1,0.939,0.0,0.109,0.236,132.08,217360,5
1DoNKjifmWST4iJJw90FK4,Wanted,Sheck Wes,0.801,0.47,1,-8.954,1,0.202,0.562,0.114,0.413,159.987,241720,4
7iMDaY1LnASwCk2uUpMtii,High (feat. Elton John),Elton John,0.759,0.498,10,-10.615,1,0.223,5.84e-05,0.406,0.244,126.972,195160,4
1N0rYVSziD8aPL1NRgsWz2,Honey - Single Edit,Robyn,0.61,0.621,11,-8.159,0,0.0216,0.000176,0.119,0.0824,115.975,231083,4
6PH5WkNCyNkM86tzKLsbgv,Heaven,Charly Bliss,0.387,0.664,2,-4.757,1,1.47e-05,0.00223,0.163,0.19,115.515,215333,3
6oMFMSfLIvRWKA1WEfIEXn,symbol,Adrianne Lenker,0.55,0.613,7,-11.591,1,0.911,0.82,0.127,0.704,147.046,229133,4
0Fpen1PTuEnCmOJtUU9Iud,New Patek,Lil Uzi Vert,0.85,0.785,8,-4.963,0,0.0367,0.0,0.155,0.718,145.063,343099,4
7AluhhfZ0AO0Zw8MoUstzN,Venice Bitch,Lana Del Rey,0.388,0.296,9,-13.04,0,0.916,0.267,0.105,0.294,78.785,576346,4
2jlVsVNu7aL9OjxyJwYZF5,Ace,Saba,0.687,0.509,10,-9.173,1,0.865,0.0,0.12,0.651,106.892,182752,4
4X2wda3nI8SwBzGyaKMNUs,I Shall Love 2,Julia Holter,0.396,0.378,0,-10.453,1,0.0474,2.23e-05,0.119,0.131,80.162,318547,4
2C0LNTuzBHXdVhrJJP0rTN,Lifetime,Yves Tumor,0.476,0.93,5,-6.652,1,0.000249,6.41e-06,0.288,0.512,142.999,222685,4
5Vdrq1akDDxNMEybDvmBDa,Suspirium,Thom Yorke,0.473,0.217,1,-15.662,0,0.989,0.905,0.134,0.441,151.002,201768,3
5guARRRq0TS5SG6lFB0pnB,Elegance,Kilo Kish,0.603,0.679,1,-7.42,1,0.0203,0.0123,0.131,0.399,135.903,222149,4
29tpVR68E5goOG1RlLQqbv,Moonlight,Disclosure,0.67,0.819,1,-6.309,1,0.0108,0.712,0.235,0.243,116.045,220259,4
2ZGZV976wWwuA3qI3Q0q9k,Nappy Wonder,Blood Orange,0.657,0.481,1,-8.503,0,0.799,6.03e-06,0.105,0.161,88.348,158131,4
5Nqm4oYBZ8ldrRbvTsKCZg,When I'm With Him,Empress Of,0.779,0.846,1,-5.68,1,0.301,9.05e-06,0.0624,0.757,116.01,193947,4
2jGAR1n5D2z8WXYLsmjE4P,Me & My Dog,boygenius,0.485,0.513,0,-8.912,1,0.616,0.00805,0.121,0.192,93.997,206465,4
7tQ0NbIhNj2PidxU6BQvLk,Disarray,Low,0.65,0.423,4,-10.132,0,0.837,0.0159,0.109,0.457,206.118,232831,4
2knOapxfpOxyqo4TMQ4C6H,Mono,altopalo,0.519,0.236,4,-14.675,0,0.655,0.697,0.0727,0.0525,111.965,282474,4
40ZIxO0Kn8nVtOEWWm9akw,Any Other Way,Tomberlin,0.31,0.253,10,-12.303,1,0.921,6.37e-06,0.0972,0.371,176.432,202616,4
7wBJfHzpfI3032CSD7CE2m,STARGAZING,Travis Scott,0.487,0.789,8,-3.69,1,0.00947,4.05e-06,0.189,0.0564,150.007,270715,4
6P8kVJSqbIu4oOwALmfRuy,Kong,Neneh Cherry,0.569,0.514,8,-8.462,1,0.0572,0.0,0.284,0.454,145.993,264812,4
4Sn5B44sLfQ364FUL98jvN,Missing U,Robyn,0.704,0.677,5,-7.601,0,0.0529,0.000114,0.169,0.0775,119.928,291200,4
61YRabDYZZ6RKmJQh7pO5Y,Rank & File,Moses Sumney,0.525,0.875,11,-6.29,0,0.549,2.06e-05,0.22,0.553,177.837,220933,1
1ALKaZZVQNntzNv0nEuapp,Hyper-Intelligent Genetically Enriched Cyborg,Helena Hauff,0.736,0.902,2,-6.993,1,0.012,0.793,0.11,0.501,127.646,363782,4
3iTtNu6AUi0mGGD5QvtyAz,Noid,Yves Tumor,0.397,0.833,6,-5.871,0,1.28e-06,0.824,0.0992,0.669,192.067,209094,4
0ORgAzmFh8N97SseJvmqgC,Love It If We Made It,The 1975,0.479,0.727,4,-5.369,1,0.000718,1.97e-05,0.0644,0.0577,180.09,253249,4
1zgTMs1EXKWblQQG1581rn,Do You Love Me,03 Greedo,0.529,0.456,8,-9.159,1,0.437,0.0,0.114,0.22,102.914,186958,4
6t7FyHs0LNq2XqeRDyx9BD,Jet Black,Channel Tres,0.879,0.58,1,-8.025,1,0.00251,0.00487,0.0996,0.348,104.981,194286,3
56yeb6zxKn9aNjLyvbs1BM,Sports,Viagra Boys,0.425,0.77,2,-4.765,1,0.00138,0.268,0.641,0.902,129.452,237547,4
0UqShk7xMPzDWsJB9s0eFF,Never Bend (Remix) (feat. Lil Uzi Vert),Lil Uzi Vert,0.548,0.585,5,-6.262,0,0.442,0.0,0.136,0.686,180.157,289358,4
4neipBD8hA1q2g1FS9hgAC,No Angel,Charli XCX,0.746,0.711,8,-5.318,1,0.0182,0.0,0.06,0.517,98.032,186694,4
1J8CqSsS6ErrveimQyCvZa,Over and Out,Nine Inch Nails,0.374,0.575,2,-10.251,0,0.416,0.818,0.0671,0.0387,140.116,469898,3
0j77ikAaghcss4idQVcAXT,Boys,Lizzo,0.892,0.588,1,-4.287,0,0.00319,0.000162,0.0498,0.753,120.042,172630,4
52yC8pZMs3XELEqAp1BpHp,Nobody,Mitski,0.392,0.718,0,-5.253,1,0.0777,0.0,0.0848,0.49,117.433,193429,4
38HcgcQC4suvti0Sa0e5yc,Rose In Harlem,Teyana Taylor,0.543,0.567,2,-5.241,0,0.468,0.0,0.171,0.351,143.744,222828,4
5zbUoVK2LKREa9UdwltaAv,Overload,Georgia Anne Muldrow,0.513,0.684,11,-5.703,0,0.0324,0.0,0.151,0.33,132.049,236280,4
1cYvs9fP9Lh2bRqXdPFF9u,Is It Cold In The Water?,SOPHIE,0.233,0.39,0,-6.943,0,0.000781,0.000228,0.141,0.0565,159.667,212213,4
0E6PsO3ymCfUh7pJQjBgkj,APESHIT,The Carters,0.705,0.784,2,-6.477,1,0.0133,0.0,0.168,0.377,160.035,264853,4
2I3dW2dCBZAJGj5X21E53k,Kids See Ghosts,Yasiin Bey,0.841,0.682,2,-7.007,1,0.113,9.65e-05,0.131,0.338,94.985,245098,4
7n04oWq0HYF1wX5FqJTnlH,Pablo - Original Mix,Fort Romeau,0.799,0.87,11,-6.797,0,0.00814,0.94,0.0707,0.919,123.995,530478,4
6bGwKHXHNLmTy6yt147FPh,If You Know You Know,Pusha T,0.46,0.697,6,-5.954,0,0.0186,0.0,0.362,0.701,153.426,202120,4
1r33iukEx0COYuBzyXPmPP,Hun43rd,A$AP Rocky,0.584,0.546,2,-9.321,1,0.444,0.0,0.355,0.355,136.336,242747,4
6cpsixIHI63L0hwh3CwZg3,Infrared,Pusha T,0.674,0.578,10,-8.768,0,0.0518,0.0055,0.72,0.163,112.265,170240,5
2MF4HtZHBoUliOi9nOAbS0,Purity (feat. Frank Ocean),Frank Ocean,0.594,0.37,11,-11.674,0,0.832,0.0,0.108,0.309,135.391,262360,4
6gHYc6tApbajZFSoRiCpcW,Bubblin,Anderson .Paak,0.44,0.851,1,-5.426,1,0.0426,0.0,0.375,0.587,113.859,207467,3
04983qPpPoUMmLeN06yLto,Watchout,FLOHIO,0.717,0.824,1,-5.601,1,0.0287,0.0,0.0899,0.318,122.021,227185,4
2PlrYKsGndAMJ0qqVVPCoV,4 Gold Chains - (feat. Clams Casino),Clams Casino,0.313,0.426,8,-9.049,1,0.853,0.00037,0.181,0.107,95.159,209107,4
2BJSMvOGABRxokHKB0OI8i,Shoota (feat. Lil Uzi Vert),Lil Uzi Vert,0.673,0.649,1,-8.433,0,0.188,0.0,0.122,0.47,153.075,153800,4
6llIaMotP9Yr8ozgPl8hwl,Geyser,Mitski,0.149,0.615,7,-4.897,1,0.00245,0.0,0.0798,0.156,155.591,143571,3
0b9oOr2ZgvyQu88wzixux9,This Is America,Childish Gambino,0.854,0.463,5,-6.159,1,0.117,0.0,0.354,0.549,120.024,225773,4
1yCmXuukBQ8eL1penRuWls,Gladly,Tirzah,0.76,0.187,11,-13.402,0,0.512,0.000107,0.123,0.251,130.054,221080,4
3twm1m2HtONUDBkUE4iPju,Heat Wave,Snail Mail,0.504,0.682,9,-5.702,1,0.0002,0.00205,0.147,0.207,123.848,308347,4
1ao8Xmf1j2Ondun43C0gM3,Returning,Paul White,0.381,0.61,5,-13.947,0,0.642,0.878,0.138,0.14,111.474,273187,4
7uDRYzCgOPTYDuTSfNpuxo,Marijuanaut's Theme,Sleep,0.207,0.879,5,-7.077,1,0.0175,0.754,0.356,0.324,136.596,399893,1
6KE79I3kBS6ci5ioDhSi6U,Disappointing Diamonds Are the Rarest of Them All,Father John Misty,0.377,0.84,0,-5.427,1,0.0168,0.00187,0.121,0.637,150.019,143005,4
5rm8qWqgvsTMDlREekSiCw,Honeycomb,Deafheaven,0.225,0.962,2,-5.214,1,3.07e-05,0.79,0.106,0.114,142.621,664440,4
3FKMngtZtIZCNKYexhGrVD,Pick Up,DJ Koze,0.712,0.601,5,-8.968,1,1.09e-05,0.802,0.0982,0.513,124.912,398151,4
5nASGGi1QarKyMmGg2fhaB,Pynk (feat. Grimes),Grimes,0.672,0.291,8,-7.843,1,0.0375,3.89e-06,0.0925,0.417,100.961,240426,4
1Etl6q0mmPV60TtOCD0uch,Fists of Fury,Kamasi Washington,0.4,0.889,3,-8.315,0,0.284,0.78,0.0885,0.553,103.528,583174,4
1cTZMwcBJT0Ka3UJPXOeeN,Nice For What,Drake,0.567,0.913,8,-6.471,1,0.0934,0.000124,0.114,0.792,93.35,210926,4
2dDzrUEDCKXaLViMPa1jo5,In My Dreams,Kali Uchis,0.606,0.839,0,-5.115,1,0.0195,1.96e-05,0.15,0.907,165.951,201000,4
1f5PNhkNgUpvDEeZfcIlO1,I Do (feat. SZA),SZA,0.886,0.473,7,-7.338,0,0.27,2.58e-05,0.0864,0.438,135.065,200205,4
1YmF9PvLhIISIANoMLIYGq,A$AP Forever (feat. Moby),Moby,0.469,0.78,10,-6.49,0,0.224,0.0,0.13,0.444,125.999,233061,4
0Q8A7MPsoFg72xcVFBsS8Q,LOGOUT,Chance the Rapper,0.787,0.382,1,-9.983,1,0.0102,0.0,0.092,0.392,86.779,150108,4
74ZovzRxHBvCq5yIwe8boh,OKRA,"Tyler, The Creator",0.589,0.57,1,-9.54,1,0.0456,1.51e-06,0.137,0.441,136.203,151027,4
5IT8zeFaOxdUfbYZKjZaA5,The Eye,Empath,0.321,0.954,11,-5.591,1,6.39e-05,0.876,0.168,0.0965,104.345,171260,4
41eiwHEX8iegmqmS2cf7oX,The Heart Part 4,Kendrick Lamar,0.672,0.434,9,-15.218,0,0.501,0.000125,0.272,0.54,129.209,288555,4
6yTkllVlMl9R5qnk5HhOWx,Silhouettes - Original Mix,Avicii,0.716,0.521,5,-8.19,0,0.064,0.691,0.0517,0.365,128.01,420013,4
2rTaRuVSQkdDDIxrgfZ8WE,Stay Away,Charli XCX,0.454,0.902,9,-4.252,1,0.0106,4.49e-05,0.124,0.409,182.75,231667,4
17v3C2iI7OSyQ2yZYwtMB7,Lindisfarne - Edit,James Blake,0.692,0.14,0,-18.8,1,0.938,0.257,0.119,0.298,77.133,231280,4
19YKaevk2bce4odJkP5L22,Nikes,Frank Ocean,0.543,0.394,8,-9.637,1,0.695,0.000239,0.108,0.118,137.811,314075,4
2gZUPNdnz5Y45eiGxpHGSc,POWER,Kanye West,0.543,0.915,0,-4.746,0,0.0162,0.0,0.744,0.577,153.998,292093,4
6jG2YzhxptolDzLHTGLt7S,Drunk in Love (feat. Jay-Z),JAY-Z,0.589,0.621,5,-6.902,0,0.00969,0.00104,0.181,0.401,140.03,323480,4
0N3W5peJUQtI4eyR6GJT5O,King Kunta,Kendrick Lamar,0.884,0.657,6,-4.569,0,0.00589,0.0,0.154,0.489,107.059,234693,4
6HPZo9krwjbhMGKbqVkkDQ,Every Single Night,Fiona Apple,0.687,0.195,0,-12.612,1,0.859,0.0,0.226,0.402,125.949,209387,4
48EjSdYh8wz2gBxxqzrsLe,Cranes in the Sky,Solange,0.719,0.615,6,-5.972,1,0.408,0.000147,0.235,0.465,96.988,250973,4
7psPPGwhFzP3pyOcb3ivcT,Unbelievers,Vampire Weekend,0.644,0.811,11,-7.681,1,0.142,0.000629,0.169,0.831,154.903,202667,4
7g13jf3zqlP5S68Voo5v9m,Dancing On My Own - Radio Edit,Robyn,0.573,0.926,6,-6.045,1,0.00202,0.0117,0.127,0.219,117.047,278080,4
3RXr49TkL3wYHB7JJTnyn5,Betray My Heart,D'Angelo,0.796,0.436,0,-11.169,1,0.646,0.048,0.126,0.589,105.707,355333,4
7DfFc7a6Rwfi3YQMRbDMau,Thinkin Bout You,Frank Ocean,0.721,0.339,0,-11.195,1,0.409,0.00153,0.0973,0.2,129.83,200747,4
35OppZQwLS8hpxIom3LGHz,Belly of the Beat,Grimes,0.513,0.786,5,-7.507,1,0.0419,0.118,0.202,0.619,179.914,205567,4
2aksifNn5ph8igDOkPBA02,Love On The Brain,Rihanna,0.509,0.637,4,-4.83,0,0.0717,1.08e-05,0.0789,0.378,172.006,224000,3
0m1KYWlT6LhFRBDVq9UNx4,HYFR (Hell Ya Fucking Right),Lil Wayne,0.444,0.627,7,-8.744,0,0.123,0.0,0.0795,0.359,98.21,206627,3
6ie2Bw3xLj2JcGowOlcMhb,Green Light,Lorde,0.594,0.721,2,-7.812,1,0.0209,8.55e-06,0.0879,0.253,128.942,234653,4
42GcjriRK6srwHkfbkBqVl,Blood On The Leaves,Kanye West,0.397,0.69,2,-4.108,0,0.395,0.0,0.101,0.36,172.073,359800,4
5I6y1KWmUoV5YCaIEcs1qs,Should Have Known Better,Sufjan Stevens,0.571,0.172,7,-20.7,1,0.979,0.275,0.124,0.297,90.972,307698,4
712uvW1Vezq8WpQi38v2L9,"Bitch, Don’t Kill My Vibe",Kendrick Lamar,0.587,0.698,1,-8.948,1,0.0152,0.0,0.442,0.0985,133.954,310720,4
3vx29e1ugtI1n8oAa2TGeR,Double Cup (feat. Spinn),DJ Spinn,0.496,0.716,7,-8.777,1,0.0874,0.309,0.1,0.43,79.985,248481,4
0ZAhJvqW67Epg4IsLIaSTR,Zebra,Beach House,0.612,0.476,8,-8.256,1,0.861,0.00401,0.147,0.257,118.383,288720,3
56dIfld2EW00CPbB3zA6GE,Kaputt,Destroyer,0.647,0.721,4,-8.918,1,0.0755,0.121,0.169,0.546,109.967,377973,4
0pMfPzdRiPAoSM9yWF4OcT,Golden Hour,Kacey Musgraves,0.611,0.555,6,-6.372,0,0.0952,0.0,0.11,0.413,88.969,198453,4
5wTVNpi5WDByxBgKgUE6MU,Supermodel,SZA,0.612,0.442,6,-8.874,1,0.651,0.0,0.26,0.253,119.235,181120,5
1egVLpTrGvaWtUcR2xDoaN,Gosh,Jamie xx,0.752,0.461,10,-12.282,0,0.0174,0.782,0.0918,0.382,139.462,291019,4
0HaDqyNg9LoZZ7Zli1uhzL,Unfucktheworld,Angel Olsen,0.545,0.128,0,-13.163,1,0.943,0.0225,0.0987,0.327,119.044,125440,4
4HJ4L8hpX9YjTwipKTYwaW,Ontheway! (feat. Standing On The Corner),Standing On The Corner,0.319,0.751,11,-2.801,1,0.0219,0.151,0.515,0.474,69.79,101987,4
0PHwCbA310LLIMcSDpQbgF,Two Weeks,FKA twigs,0.48,0.717,0,-6.663,1,0.0625,0.000685,0.0814,0.335,109.756,247547,4
4eNgWcvwEDtVDphMAmlCNK,Sailing,Deerhunter,0.319,0.137,2,-17.966,1,0.924,0.276,0.112,0.105,97.898,299573,3
172rW45GEnGoJUuWfm1drt,Your Best American Girl,Mitski,0.36,0.257,7,-9.655,1,0.0159,0.00512,0.226,0.13,76.972,212184,4
1uXbwHHfgsXcUKfSZw5ZJ0,Run the World (Girls),Beyoncé,0.733,0.899,0,-4.237,1,0.00496,4.72e-05,0.372,0.76,127.086,236093,4
6TVs7Lap6ZcrpZk1xfOgtv,Perth,Bon Iver,0.468,0.453,0,-14.463,0,0.855,0.552,0.326,0.0679,119.932,262080,4
1DXvEWgI1xoxmKv2Zd3pNE,UFOF,Big Thief,0.623,0.613,10,-9.241,0,0.638,0.572,0.143,0.745,147.168,188413,4
4uQ7wYsuL0DryknoDc11Hk,Norf Norf,Vince Staples,0.925,0.548,7,-6.572,1,0.394,0.000128,0.11,0.0922,100.015,183160,4
7vcNp4cj4uF4AyX5aKY4Ps,You're Not Good Enough,Blood Orange,0.74,0.798,0,-6.55,1,0.189,0.00128,0.305,0.571,119.964,261360,4
1B0BQaSRHxhI0AUlItY3LK,MALAMENTE - Cap.1: Augurio,ROSALÍA,0.893,0.482,0,-4.779,0,0.549,0.0164,0.0752,0.53,97.975,150027,4
3Vn9oCZbdI1EMO7jxdz2Rc,Lazarus,David Bowie,0.66,0.695,9,-6.896,0,0.0466,0.145,0.0854,0.506,129.972,382387,4
0WpDeBJ22LcwF4QoERQOTv,Hungry Hippo,Tierra Whack,0.893,0.61,4,-5.691,0,0.0227,0.00744,0.102,0.778,136.64,60000,4
0cfwv1fgLrFntNR9aUgY5I,America!,Bill Callahan,0.594,0.468,2,-11.39,0,0.0128,0.121,0.0714,0.678,107.482,333093,4
2khkbmL11VFqKGMrcGIJB3,Out of My Head (feat. Tove Lo and ALMA),ALMA,0.851,0.709,1,-5.157,0,0.0736,0.00137,0.12,0.42,116.467,235737,4
6g0Orsxv6glTJCt4cHsRsQ,Formation,Beyoncé,0.896,0.621,5,-6.857,0,0.00532,0.0,0.196,0.818,121.966,206080,4
74HYrIbnpc2xKCTenv5qKM,Window Seat,Erykah Badu,0.643,0.535,0,-6.795,0,0.648,0.00213,0.0766,0.564,82.193,289720,4
0Px73m5ACfeYHYsAo9YTfP,You’re Not The One,Sky Ferreira,0.468,0.966,1,-3.468,0,0.00215,0.00276,0.132,0.8,92.002,235067,4
3wUX7HpXS382s1DHTRouVk,We The People....,A Tribe Called Quest,0.71,0.805,1,-5.471,1,0.00909,0.0,0.141,0.897,92.601,172013,4
4RLr8yJXuhJ6ZrIQkZ4JlA,Real Death,Mount Eerie,0.562,0.187,9,-18.183,0,0.676,0.00186,0.132,0.0913,75.965,147533,4
0QMNrroq08iZ3BEy8EW5dr,Wrap Your Arms Around Me,The Knife,0.518,0.57,2,-4.686,1,0.0654,0.792,0.105,0.0414,126.038,275987,4
5e0vgBWfwToyphURwynSXa,Run Away With Me,Carly Rae Jepsen,0.564,0.719,1,-5.505,1,0.0126,0.000177,0.0536,0.251,119.023,251320,4
4Fe5RBekhh4irEhWZrGsCw,Drone Bomb Me,ANOHNI,0.402,0.468,2,-8.36,1,0.179,0.00124,0.137,0.0631,73.721,250978,4
2Ug1s9s05UxazzeJ2rri3N,Replica,Oneohtrix Point Never,0.213,0.24,3,-13.011,1,0.443,0.336,0.0496,0.28,82.655,275814,4
4P6n0udLAnmCNXVcobYbsK,Oblivion,Grimes,0.697,0.529,2,-8.838,1,0.115,0.901,0.0895,0.486,155.974,251267,4
5YzBL3vkQnp3JbeDRRSbSQ,Pick Up,DJ Koze,0.712,0.601,5,-8.968,1,1.09e-05,0.802,0.0982,0.513,124.912,398151,4
2cmRpmO04TLaKPzmAzySYZ,Dance Yrself Clean,LCD Soundsystem,0.739,0.611,11,-9.829,1,0.00557,0.725,0.04,0.794,98.004,536471,4
6dx2zKeWqxn0wc4mVv6Xg3,Black Origami,Jlin,0.664,0.886,9,-7.219,0,0.0017,0.539,0.07,0.558,117.683,270579,3
1jk9c0gZI0wbn5GvAj7PBV,Check,Young Thug,0.667,0.581,0,-5.164,0,0.0428,0.0,0.183,0.368,110.953,230693,4
2Eg8N0qgB1wQ64TexXSOCu,Cheerleader,St. Vincent,0.423,0.376,0,-9.449,1,0.725,0.0658,0.113,0.229,139.64,208627,4
0rQBiEHF5bN4JtYvrBvjwH,Black Lake,Björk,0.152,0.223,3,-15.122,0,0.441,0.000873,0.0848,0.0369,75.103,608766,4
6HZILIRieu8S0iqY8kIKhj,DNA.,Kendrick Lamar,0.638,0.523,1,-6.664,1,0.00454,0.0,0.0842,0.422,139.913,185947,4
6aEip3FZ1csKxpZayiZ1mM,The Rhythm Changes,Kamasi Washington,0.539,0.713,10,-10.704,1,0.221,0.0109,0.339,0.402,89.804,463898,4
72jCZdH0Lhg93z6Z4hBjgj,I Knew You Were Trouble.,Taylor Swift,0.622,0.469,3,-6.798,0,0.00454,2.25e-06,0.0398,0.679,77.019,217973,4
0GqkFzrmgujTMyGd01nCR5,Biscuit Town,King Krule,0.756,0.549,7,-7.823,1,0.705,0.0141,0.26,0.513,106.99,222309,3
3klBAH0wi8hR1kvRmiHRvw,Piel,Arca,0.148,0.167,4,-18.586,0,0.591,0.742,0.0902,0.0377,67.905,247553,3
4v9gSomhAcOYSU7VBpJkA1,Made of Metal,Grouper,0.448,0.00617,7,-37.842,0,0.72,0.96,0.112,0.0299,112.88,98947,4
5FxELQREUBIdy6ZRqZ4iuC,Die Like A Rockstar,Danny Brown,0.578,0.851,1,-5.856,1,0.00736,0.0,0.654,0.358,165.245,145455,4
6lMMiFxOnNZBEJFc4UQPwS,Geyser,Mitski,0.264,0.61,7,-4.904,1,0.00258,0.0,0.0847,0.152,103.036,143571,4
1pafeNyvbS0sVwzcsftYSZ,Wanna Sip,Fever Ray,0.603,0.705,9,-7.097,1,0.0169,0.000458,0.107,0.0962,99.354,208881,5
2jNQBuhta3lE0GFOqb4Eo9,Boxing Day Blues,Courtney Barnett,0.607,0.0604,2,-15.319,1,0.94,0.000198,0.103,0.362,124.788,182063,4
6F0UFeNt06zoRSRt9zOZ4z,...And The World Laughs With You,Thom Yorke,0.637,0.717,8,-7.643,0,0.185,0.494,0.141,0.541,80.929,175040,4
1ID1QFSNNxi0hiZCNcwjUC,Legend,Drake,0.714,0.563,1,-7.574,1,0.0266,0.0,0.0776,0.31,100.091,241853,4
3Gda1sTo2ZjbztjjsnAsP3,Slip Away,Perfume Genius,0.603,0.509,1,-6.824,1,0.371,2.66e-05,0.0627,0.572,136.592,165330,4
5mE2RcGPPbE4gNoLB6FYPf,Missing U,Robyn,0.702,0.666,5,-8.307,0,0.0472,0.000119,0.139,0.109,119.93,297268,4
4l86U8arITFVBfDvYn82v7,"I Love You, Honeybear",Father John Misty,0.189,0.724,7,-5.88,0,0.297,0.00387,0.0687,0.39,210.108,278920,3
58q2HKrzhC3ozto2nDdN4z,I Like It,J Balvin,0.816,0.726,5,-3.998,0,0.099,0.0,0.372,0.65,136.048,253390,4
5rZDwQojqIa77SnsOWhNaT,Ponyboy,SOPHIE,0.823,0.381,1,-7.372,1,0.000497,0.000542,0.14,0.46,107.996,194438,4
5fohLPNqO6TqwrZ7BoUWUT,High For This,The Weeknd,0.465,0.403,11,-8.895,0,0.744,0.000667,0.0777,0.0687,74.95,247227,4
2UWdUez9MB9yzL7Y81Mcip,The Suburbs,Arcade Fire,0.616,0.682,6,-6.148,0,0.0578,0.0241,0.342,0.528,117.78,315200,4
7CW0mjMKKTMCE6i4hwtvXU,Circling,Four Tet,0.416,0.661,7,-10.685,1,0.961,0.909,0.102,0.392,184.519,317068,3
1eTZQmiMtnoRrqwrjZE0Hy,Baby’s Arms,Kurt Vile,0.378,0.546,11,-9.636,0,0.322,0.000881,0.303,0.309,108.927,236307,4
0xtIp0lgccN85GfGOekS5L,Yes I'm Changing,Tame Impala,0.373,0.609,0,-7.0,1,0.108,0.000427,0.0755,0.354,179.955,270680,4
6elQsFmZGwZU3upNQpJOx2,Honey Bunny,Girls,0.33,0.594,1,-10.384,0,0.00018,0.2,0.208,0.424,141.404,153813,3
44KIBTGQket3oXHFIGvvIw,Come Down To Us,Burial,0.42,0.822,10,-8.835,1,0.28,0.0548,0.199,0.187,136.877,786866,4
0aMHIW1lqrulVCx0LLlr6a,Cocoa Butter Kisses,Twista,0.679,0.645,6,-7.777,0,0.0518,0.0,0.145,0.203,125.795,307188,4
3xFcvuUqsIppklKFWVo0w5,"Back, Baby",Jessica Pratt,0.446,0.255,3,-11.548,1,0.897,0.0,0.0827,0.358,143.494,235667,4
6golelYKuy85o3u0cxIxFK,The Wire,HAIM,0.547,0.635,2,-5.569,1,0.0127,5.01e-06,0.0585,0.525,113.678,245293,4
091IhPHFMOd8hdHcvHaOYP,That Battle Is Over,Jenny Hval,0.559,0.526,8,-7.687,1,0.605,0.00205,0.223,0.36,133.282,275967,4
3n4M80UmJNHws4ZqdM7KEF,Can't Do Without You,Caribou,0.691,0.407,0,-9.053,1,0.792,0.642,0.783,0.491,128.039,236400,4
2M0IWOmIi079R1MaPVlOW3,Falling in Love Again,Joyce Manor,0.335,0.936,2,-2.056,1,0.00175,4.81e-06,0.14,0.436,177.422,148120,4
5oK98mpTJSU0iqLHN1hZ3y,22 (OVER S∞∞N),Bon Iver,0.298,0.112,1,-15.765,1,0.972,0.0823,0.0935,0.0972,86.786,168000,4
145xZcFMv1ccyKBgEMtV3y,Gladly,Tirzah,0.76,0.187,11,-13.402,0,0.512,0.000107,0.123,0.251,130.054,221080,4
22d5vvCijMTue7PvUrGiz9,Horchata,Vampire Weekend,0.834,0.787,0,-7.119,1,0.0803,0.0,0.356,0.837,119.976,206733,4
2NRRrr8ylDK38KD3Ffbw4K,BTSTU - Edit,Jai Paul,0.665,0.389,1,-6.709,1,0.745,0.000982,0.326,0.521,89.962,210001,4
22QnkXp8wmJh6DmjkH2HfE,Disarray,Low,0.65,0.423,4,-10.132,0,0.837,0.0159,0.109,0.457,206.118,232831,4
3DugxTcndDHQ8dQAienHha,Lost In The Dream,The War On Drugs,0.607,0.381,7,-11.114,1,0.421,0.0139,0.128,0.416,112.527,249467,4
7vUbnU8XibkKccpuoyWqIm,Preben Goes to Acapulco,Todd Terje,0.713,0.675,7,-9.751,1,0.0177,0.856,0.0851,0.845,95.997,275173,4
278kSqsZIiYp8p3QjYAqa8,NI BIEN NI MAL,Bad Bunny,0.826,0.449,5,-8.33,0,0.556,1.85e-05,0.273,0.337,128.028,236216,4
5OCJzvD7sykQEKHH7qAC3C,God is a woman,Ariana Grande,0.602,0.658,1,-5.934,1,0.0233,6e-05,0.237,0.268,145.031,197547,4
6NQfUZb5VummNR8rozb8Ic,Into The Black,Chromatics,0.613,0.384,9,-8.763,0,0.96,0.46,0.0789,0.131,109.02,322994,4
08zJpaUQVi9FrKv2e32Bah,Planez,J. Cole,0.688,0.556,6,-7.738,1,0.7,1.87e-06,0.108,0.416,129.336,240320,4
090a3fK6DnEKCECdfctvYy,Running,Helado Negro,0.799,0.348,8,-13.23,1,0.787,0.661,0.119,0.16,119.989,264525,4
176qKSycRctoec8veZAcH5,Dixie Cups and Jars,Waxahatchee,0.55,0.35,9,-6.706,0,0.38,0.0079,0.112,0.24,119.963,216224,4
1DunhgeZSEgWiIYbHqXl0c,Latch,Sam Smith,0.729,0.735,1,-5.455,1,0.0178,0.000193,0.089,0.544,121.986,255867,4
7K24REVrWTFjOrG5OZAfhp,Make Out in My Car,Moses Sumney,0.309,0.342,7,-12.488,0,0.883,0.0138,0.116,0.206,120.667,155830,4
2JtL0a3NHcGkFQ7kfDLKUT,Swing Lo Magellan,Dirty Projectors,0.738,0.366,5,-10.231,0,0.825,2.69e-05,0.118,0.507,101.031,157800,4
33pDmPx2pkJ7JCAQpRDQ9B,GLOWED UP,Anderson .Paak,0.681,0.621,1,-10.024,1,0.036,0.00555,0.138,0.428,135.538,298027,4
4VxGlr9PawFDaThx20USnS,I Shall Love 2,Julia Holter,0.396,0.378,0,-10.453,1,0.0474,2.23e-05,0.119,0.131,80.162,318547,4
3XQY8kDjI8LARMIC9xkxQk,Hard in Da Paint,Waka Flocka Flame,0.611,0.66,11,-5.883,1,0.198,0.0,0.365,0.583,71.544,246387,4
0R1o96fLvysaTMKAxqrl5d,California,EMA,0.178,0.461,5,-7.295,1,0.326,0.549,0.0993,0.206,86.103,275267,3
36c4JohayB9qd64eidQMBi,Doin' it Right (feat. Panda Bear),Panda Bear,0.804,0.451,6,-8.207,1,0.388,2.17e-05,0.0924,0.19,178.061,251293,4
5lLyaFsXQ2GASksFhGA9It,Younger Us,Japandroids,0.0692,0.977,9,-2.972,1,4.47e-05,0.0217,0.38,0.266,185.23,212912,4
5nXT0jRAR9ChVWmh2tLQln,Timmy's Prayer,Sampha,0.452,0.558,1,-9.649,1,0.445,0.00132,0.104,0.221,139.428,263923,4
7eY3RfmpQNifrP1FD0YKqK,Rosebud,U.S. Girls,0.749,0.872,11,-6.399,0,0.594,0.669,0.104,0.826,103.99,189841,4
1ljzHUgt2SU2ADkhfa9eBC,Tightrope (feat. Big Boi) - Big Boi Vocal Edit,Big Boi,0.641,0.673,5,-10.72,0,0.0302,0.000868,0.219,0.644,167.978,262587,4
7nCONy10IHp7XD3oYZ0lcx,I've Seen Footage,Death Grips,0.603,0.944,11,-3.626,0,0.0481,0.0,0.342,0.418,130.035,202853,4
5zb7npjQqoJ7Kcpq4yD9qn,You Want It Darker,Leonard Cohen,0.674,0.327,4,-16.986,0,0.613,0.199,0.0756,0.494,108.995,284373,4
0aC35t2V6c6sTzZh4vMnTF,Dear Nora,Girlpool,0.631,0.0978,10,-14.254,0,0.896,0.00532,0.0963,0.354,77.543,114330,4
4bEcoz1OcfMgUbp2ft8ieQ,911 / Mr. Lonely (feat. Frank Ocean & Steve Lacy),Steve Lacy,0.48,0.61,0,-7.042,1,0.0456,0.0,0.313,0.297,90.034,255653,4
651zgpohmcHZUPLnhHGS7a,Your Deep Rest,The Hotelier,0.363,0.876,3,-6.53,1,0.0514,2.86e-06,0.0991,0.408,110.019,227213,4
4UADR6fNQfx4fxkiRQvSy2,Pristine,Snail Mail,0.483,0.695,0,-5.493,1,0.00461,0.000661,0.102,0.294,126.212,295333,4
3EAUSlUzVTLhxLn8Fhpz5V,Irresistible,Deafheaven,0.648,0.243,7,-14.204,1,0.973,0.909,0.104,0.0392,102.945,193120,4
7MtLm4K8qfXH7vDYlE4N6D,Green Aisles,Real Estate,0.484,0.782,9,-5.407,0,0.0581,0.153,0.284,0.565,104.104,301027,4
3pihS07XVQEavaS9n7kObt,Licking An Orchid,James K,0.67,0.528,8,-9.372,0,0.0565,0.00117,0.102,0.628,87.965,278311,4
6029etED148P1LVsKkIstg,Tomboy,Panda Bear,0.353,0.948,2,-7.821,1,0.154,0.99,0.639,0.155,149.969,295187,3
1EALzILzmIPtRIvYyo6Lwm,Fill in the Blank,Car Seat Headrest,0.339,0.829,9,-7.239,1,0.00736,1.26e-05,0.0596,0.5,162.798,244507,4
1uRxyAup7OYrlh2SHJb80N,Daydreaming,Radiohead,0.299,0.263,9,-13.207,0,0.968,0.857,0.126,0.113,137.848,384439,3
1Yhyu95YV6wLvLwLHTnCcT,Total Darkness,RP Boo,0.425,0.739,6,-6.487,0,0.000877,0.944,0.268,0.419,154.976,236893,4
0LtOwyZoSNZKJWHqjzADpW,Feels Like We Only Go Backwards,Tame Impala,0.303,0.9,2,-2.352,0,0.0277,0.635,0.11,0.491,149.508,192960,4
2Kn3xgaDCM4aHuHK7FApgC,Close Your Eyes (And Count To Fuck),Zack De La Rocha,0.678,0.662,1,-6.473,1,0.0123,0.0,0.133,0.498,80.318,234160,4
67FXBwCa6eU1uBaEdK3T9O,Believe,Amen Dunes,0.548,0.697,10,-7.952,0,0.124,0.0372,0.105,0.597,94.506,346493,4
2j93Cfy31KyjNwy2zRyn1I,Leonie,Frankie Cosmos,0.472,0.457,11,-7.787,1,0.398,0.000305,0.105,0.321,123.786,146662,4
1eyzqe2QqGZUmfcPZtrIyt,Midnight City,M83,0.526,0.712,11,-6.525,0,0.0161,0.0,0.179,0.32,105.009,241440,4
4UkynNKM3QAFnYukL8Udi6,Helplessness Blues,Fleet Foxes,0.324,0.463,8,-7.247,1,0.0781,5.63e-06,0.103,0.2,125.295,303387,3
59X2sWl3SBtUgkMEE1RlEx,In the Fog I,Tim Hecker,0.151,0.506,5,-10.63,0,0.745,0.901,0.115,0.0726,105.305,292160,4
57pOLYHz6mt5aMkOXa2Gis,Ghetto Symphony (feat. Gunplay & A$AP Ferg),A$AP Ferg,0.499,0.921,6,-3.373,1,0.288,0.0,0.482,0.497,150.505,237733,4
3IBhpCAFOJxynTfrw0t2LN,This Feeling,Alabama Shakes,0.628,0.329,7,-11.424,1,0.834,0.00335,0.11,0.305,130.808,268853,4
6m8lfYFKAjyOAQEiZioj1c,Black And White,Parquet Courts,0.322,0.974,9,-4.218,1,0.00454,0.822,0.34,0.629,174.291,183000,4
4K1XbNoR2iq1KucQzkPnKe,3 Kings,JAY-Z,0.487,0.862,7,-3.668,1,0.24,0.0,0.154,0.669,84.148,261493,4
1zwwxOIiSjupqtfdUDh4ot,In My Room,Fennesz,0.0934,0.177,8,-16.061,0,0.0026,0.878,0.116,0.0399,161.174,748080,4
1VEF5x1WU1P5FWa7iTLR7V,Something to Believe,Weyes Blood,0.309,0.393,4,-8.608,1,0.629,2.21e-05,0.346,0.194,136.896,285560,4
2XwL9kTn9411Ed4p0MLYx3,Let England Shake,PJ Harvey,0.363,0.591,5,-8.226,1,0.428,0.00081,0.212,0.139,162.31,189280,4
1ebzEASO01sMUoht95hwFz,3Hunna,Rick Ross,0.696,0.688,3,-5.002,1,0.0451,0.0,0.363,0.266,122.026,208707,4
5mnMsuvhH5xMkJsDNvP5aB,Sit & Cry,Sheer Mag,0.558,0.66,1,-4.633,1,0.00449,0.0639,0.31,0.925,77.906,129911,4
7uCFetDiUezJes4gfwYD9A,Anyone’s Ghost,The National,0.745,0.789,6,-7.133,1,0.281,0.776,0.108,0.745,120.064,174173,4
5PV6r93MQICDlBiCEbURLZ,Colomb,Nicolas Jaar,0.642,0.151,0,-19.243,0,0.81,0.773,0.742,0.0703,158.064,202763,3
2OFrAsP5Vrcb0DtsPNsm54,My Kind of Woman,Mac DeMarco,0.501,0.765,6,-7.063,0,0.00294,0.49,0.184,0.46,91.769,190846,4
1e1JKLEDKP7hEQzJfNAgPl,Magnolia,Playboi Carti,0.791,0.582,11,-7.323,0,0.0114,0.0,0.35,0.443,162.991,181812,4
4lwavw59UjXUPJZtKNdFYp,Alejandro,Lady Gaga,0.626,0.799,11,-6.612,0,0.000358,0.00155,0.36,0.369,98.992,274213,4
5FVd6KXrgO9B3JPmC8OPst,Do I Wanna Know?,Arctic Monkeys,0.548,0.532,5,-7.596,1,0.186,0.000263,0.217,0.405,85.03,272394,4
3NEeKJm8LcdaDG98oZwSZx,All My Happiness is Gone,Purple Mountains,0.505,0.746,7,-7.793,1,0.00165,0.0455,0.266,0.723,138.131,260280,4
0W4VKE5bg0iUQfgMR0IZR1,Love,Mica Levi,0.0926,0.206,2,-18.415,0,0.829,0.702,0.0973,0.0377,88.018,310037,4
5V57eUQoTrMCZqonhzi8B9,Real Nigga,Metro Boomin,0.87,0.225,0,-10.915,0,0.0915,0.69,0.197,0.163,155.97,185467,4
5YdrHBh16li6d7U5mdTwUb,Just One of the Guys,Jenny Lewis,0.325,0.664,9,-4.45,1,0.00119,0.0,0.187,0.367,135.883,231827,4
33DzKnwuBE6lfOiADwzd5E,TOOTIMETOOTIMETOOTIME,The 1975,0.667,0.824,8,-5.867,1,0.177,0.0152,0.0933,0.518,114.998,207851,4
0YZmcBJGpDJC8L4ZYdGsRM,Infinity Guitars,Sleigh Bells,0.663,0.726,6,-5.641,1,0.0391,1.66e-05,0.103,0.237,79.048,151773,4
3qFSWP5xpfsocLX1nbat5W,Foundations,Pallbearer,0.253,0.87,0,-6.288,1,0.00214,0.818,0.649,0.216,96.221,521639,4
06fNR3xo4ksfvM4UTeEoZJ,Ace,Saba,0.686,0.509,10,-9.173,1,0.864,0.0,0.12,0.651,106.889,182752,4
5hc71nKsUgtwQ3z52KEKQk,Somebody Else,The 1975,0.61,0.788,0,-5.724,1,0.195,0.0142,0.153,0.472,101.045,347520,4
4NE3oWyUQI2b2NjyMyC8Bi,Turtles All the Way Down,Sturgill Simpson,0.553,0.314,4,-9.217,1,0.306,0.000578,0.104,0.585,91.7,188187,4
75vnjOSHBawRpUwl5KV6WZ,Get Dis Money,Meek Mill,0.469,0.879,11,-2.797,0,0.00105,0.0,0.132,0.572,154.046,240213,4
4cVluxrIFQb32KWanHqYDF,Waitress,Hop Along,0.466,0.835,11,-6.532,1,0.0126,0.000199,0.0941,0.497,120.657,213551,4
6PInkrdWpzFi6c4Ffrzs3q,Baybee,Jay Som,0.624,0.599,11,-7.303,0,0.00235,0.0967,0.218,0.657,79.982,225253,4
5fyIGoaaKelzdyW8ELhYJZ,Feeling Myself,Beyoncé,0.564,0.703,2,-5.459,1,0.437,0.00927,0.358,0.477,139.045,237840,4
0es6ucdaZfbe0MS01D6lhZ,Sorry,Alex G,0.701,0.543,4,-10.322,1,0.793,0.0241,0.115,0.699,91.999,162853,4
2DDEwBhKW7yvQJedcb9CT7,The Magic Place,Julianna Barwick,0.126,0.22,3,-15.255,1,0.983,0.965,0.197,0.0376,61.109,231080,4
0w5Bdu51Ka25Pf3hojsKHh,Hard Times,Paramore,0.695,0.818,5,-5.379,0,0.00647,4.87e-06,0.0219,0.916,119.965,182693,4
6hJGROg9R72r3INlStq3H9,Session Add,Skee Mask,0.765,0.397,6,-11.918,1,0.0371,0.849,0.0975,0.43,99.994,380108,4
2DVI5bxoh3qXVYA1XmraN8,Real Nega,JPEGMAFIA,0.61,0.952,5,-2.501,0,0.00788,0.00324,0.172,0.332,140.065,150933,4
5mIJde5yFOEYtWsvjQTM7l,Love Yuh Bad,Popcaan,0.584,0.689,11,-5.624,1,0.0391,0.0,0.234,0.724,144.902,220617,5
7bevW1b9ImgDBtxVI9H96q,Small Town Heroes,Hurray For The Riff Raff,0.601,0.0747,8,-16.668,1,0.894,3.23e-05,0.109,0.436,136.002,268747,4
38ydcsbayM4oX21Hhu84DT,Every Time the Sun Comes Up,Sharon Van Etten,0.663,0.522,1,-8.741,1,0.392,5.41e-06,0.197,0.301,99.765,262520,4
1hvq121KNtvohsdY0svnDi,Devotion,Jessie Ware,0.559,0.582,6,-10.633,0,0.321,0.702,0.0913,0.361,156.071,204467,4
7qifEQoJM6TYDfiZLgZFV0,Me And The Devil,Gil Scott-Heron,0.686,0.808,10,-5.516,0,0.0154,0.0146,0.103,0.416,83.494,213707,4
7wggh0LMLFkLpFm7uAeJyA,All American Made,Margo Price,0.533,0.165,7,-12.855,1,0.802,0.000484,0.354,0.201,111.608,351016,4
345yzi3WeMTpMTl3Nyvjjk,She Will,Savages,0.376,0.913,7,-4.709,1,0.000585,0.329,0.185,0.404,154.808,207067,4
1kRU1FuJgDBBRrxxTFiBW1,Are you… Can you… Were you? (Felt),Shabazz Palaces,0.502,0.632,4,-9.971,0,0.0571,0.054,0.226,0.193,82.738,287827,4
4qjBW0bGqddImVp7R2np0g,Recover,CHVRCHES,0.419,0.584,7,-6.473,1,0.00493,0.0,0.364,0.166,170.054,225853,4
3PLW2150PoA3X40cjQiOmA,ZORA,Jamila Woods,0.457,0.813,10,-4.07,0,0.0821,0.0,0.173,0.542,82.717,186381,4
3BpUZB0tw4zNmG3Iw1mclL,Your Dog,Soccer Mommy,0.652,0.669,11,-7.797,0,0.122,0.00039,0.169,0.769,115.047,194009,4
3zuaHmVE9g9Ev0O1mqWE18,Gum Gum,Hailu Mergia,0.683,0.696,5,-8.876,0,0.00147,0.622,0.146,0.731,91.384,407972,4
00UDD8mjooNiezsxVRCYWX,Limerence,Yves Tumor,0.32,0.324,8,-16.613,1,0.887,0.202,0.119,0.719,182.057,329361,3
7hlrsvEHB1oiWuoTVpdvKG,Catch it,Iceage,0.192,0.891,9,-3.864,1,0.000858,0.00039,0.172,0.651,143.35,345667,4
7iEoaTyBCqLaAwJnOP1BTn,The Games We Play,Pusha T,0.694,0.796,5,-3.696,1,0.0713,0.0163,0.096,0.592,78.033,166120,4
4Qtw0HNKSbIRT5sWUnbRXc,Vice,Miranda Lambert,0.568,0.562,9,-7.775,1,0.101,6.16e-05,0.363,0.247,133.647,240280,4
7feFMZxaNV6km5QZAXYyv0,A Sea Of Love,Huerco S.,0.141,0.116,10,-28.718,0,0.848,0.872,0.107,0.125,102.494,437907,4
4kBGp54LVQFBbsvOJ41eHd,Snowflake,Kate Bush,0.334,0.0671,9,-25.672,0,0.955,0.647,0.0977,0.103,110.657,586693,4
0wWFrztqhZTqaXyGbsPlpk,Cut 4 Me (Prod. Kingdom),Kelela,0.786,0.695,6,-7.158,0,0.00014,0.00345,0.106,0.303,134.971,233259,4
515qE0YyUWivEobvHGpN7o,A More Perfect Union,Titus Andronicus,0.154,0.848,0,-5.093,1,0.142,0.00102,0.395,0.241,175.848,429587,4
7H0XjCe1HxpWIASp3hBpLq,Wave Of History,Downtown Boys,0.272,0.892,7,-3.435,0,0.0146,0.000107,0.0774,0.487,199.913,117187,4
39lgO3AGc8pt7SM4VuB0Mh,Kilter,Portal,0.0757,0.965,1,-5.702,1,0.000613,0.902,0.339,0.0384,188.245,346627,4
1RejzGlGABYWg6YbJdNhH0,Hip Hop Spa,Fatima Al Qadiri,0.723,0.368,1,-8.532,0,0.648,0.464,0.121,0.538,126.975,264406,3
2fzvibAxqwManQKIJLrMgs,My Contribution to This Scam,Quelle Chris,0.624,0.772,10,-7.638,0,0.467,0.00607,0.112,0.488,176.018,282912,4
2UvdkOjMTwwdzWbyOhQ0XE,Spitting Blood,WU LYF,0.339,0.736,2,-7.097,0,0.21,3.59e-05,0.339,0.118,132.732,227293,4
5oJEPfKRhdCt1R8d73XOiq,So Sick Stories,King Krule,0.426,0.733,2,-3.739,1,0.0511,0.00126,0.294,0.268,159.645,282380,4
3iVcZ5G6tvkXZkZKlMpIUs,Alright,Kendrick Lamar,0.796,0.766,7,-5.974,1,0.0742,0.0,0.0827,0.558,110.034,219333,4
3Rc2ajBMInxeNGVkMPC92Y,Dancing On My Own,Robyn,0.678,0.871,6,-4.781,1,0.0587,0.249,0.0928,0.28,117.029,285973,4
6no1mklq4BJBg7KJ6Dly7N,212,Lazy Jay,0.847,0.769,11,-5.761,0,0.0145,0.00012,0.0767,0.626,126.017,204957,4
24jvD83UgLmrdGjhWTFslY,Video Games - Remastered,Lana Del Rey,0.236,0.249,6,-9.595,0,0.811,1e-06,0.087,0.181,72.847,281960,5
7GX5flRQZVHRAGd6B4TmDO,XO Tour Llif3,Lil Uzi Vert,0.732,0.75,11,-6.366,0,0.00264,0.0,0.109,0.401,155.096,182707,4
2JiVVU7qv1YeD1yabpIyoX,Riding For The Feeling,Bill Callahan,0.442,0.213,0,-15.002,1,0.903,0.0124,0.252,0.275,100.544,365747,4
70v5mCvyPRquTyU7qTIU81,Everything Is Embarrassing,Sky Ferreira,0.666,0.786,0,-5.715,1,0.0532,0.0,0.0476,0.6,117.126,249907,4
2ikkgfIIM9kGKZCXzXnTpj,I Don't Like,Lil Reese,0.742,0.844,2,-4.622,1,0.000634,0.0,0.0659,0.416,131.986,293840,4
5uZLsGY9fknBd5Rxr7AIss,Shut Up Kiss Me,Angel Olsen,0.373,0.63,7,-5.131,1,0.0552,0.0,0.107,0.352,115.942,202200,4
32lmL4vQAAotg6MrJnhlQZ,Work,Drake,0.725,0.534,11,-6.238,1,0.0752,0.0,0.0919,0.558,91.974,219320,4
6WmIyn2fx1PKQ0XDpYj4VR,Love It If We Made It,The 1975,0.472,0.745,4,-5.297,1,0.000607,2.74e-05,0.0957,0.0631,180.06,252926,4
3DK6m7It6Pw857FcQftMds,Runaway,Pusha T,0.571,0.568,1,-3.827,0,0.218,0.0021,0.512,0.109,86.986,547733,4
3t87C08isN6yw2DnWOorLm,Hannah Hunt,Vampire Weekend,0.345,0.313,4,-10.098,1,0.717,0.000822,0.1,0.164,207.969,237973,4
2aSC2xhRxOLiiZZVjhbylH,"Hold On, We're Going Home",Majid Jordan,0.777,0.414,6,-7.44,0,0.00421,2.73e-05,0.0724,0.287,100.002,227880,4
2pucDx5Wyz9uHCou4wntHa,Inspector Norse,Todd Terje,0.912,0.781,7,-7.018,0,0.074,0.762,0.348,0.89,119.978,400751,4
4fbvXwMTXPWaFyaMWUm9CR,Holocene,Bon Iver,0.375,0.304,1,-14.52,1,0.943,0.303,0.126,0.147,147.989,336613,4
6nzXkCBOhb2mxctNihOqbb,Bad Girls,M.I.A.,0.639,0.912,1,-2.621,1,0.00107,0.0,0.097,0.343,143.448,227520,4
3axkNosdVQLZiq1HakuGhc,Countdown,Beyoncé,0.665,0.787,5,-5.73,1,0.308,0.0,0.219,0.699,167.349,212147,4
6KBYefIoo7KydImq1uUQlL,Bodak Yellow,Cardi B,0.926,0.703,11,-6.337,0,0.0659,0.0,0.231,0.485,125.022,223713,4
2qKTOaX1ZeMWn3aKhpxkz5,Round And Round,Ariel Pink,0.665,0.59,1,-6.831,0,0.358,0.628,0.564,0.577,110.069,308680,4
41X9To0bQ4fpoSRri4NHiI,Seasons (Waiting On You),Future Islands,0.498,0.721,10,-5.232,1,0.136,0.7,0.0933,0.589,140.027,226440,4
6fujklziTHa8uoM5OQSfIo,Black Beatles,Gucci Mane,0.794,0.632,0,-6.163,1,0.142,0.0,0.128,0.355,145.926,291893,4
1ZHYJ2Wwgxes4m8Ba88PeK,Monster,Bon Iver,0.628,0.692,2,-5.64,1,0.00244,0.013,0.668,0.0964,124.791,378893,5
4BPUZIW2wwnttxqxmD2fNI,BIPP,SOPHIE,0.805,0.702,2,-3.883,1,0.0938,0.0842,0.127,0.339,82.699,224143,5
7eqoqGkKwgOaWNNHx90uEZ,Nights,Frank Ocean,0.466,0.548,5,-9.362,0,0.42,1.01e-06,0.113,0.423,89.815,307151,4
3LueS3mbuB1yaJNN0Ale6U,Avant Gardener,Courtney Barnett,0.443,0.737,0,-4.509,1,0.00149,0.0032,0.121,0.746,115.277,312227,4
6gU9OKjOE7ghfEd55oRO57,The Weekend,SZA,0.487,0.366,8,-9.405,0,0.241,0.0,0.126,0.161,68.191,272187,5
5q4BpnMrYEFzLO0dYODj6J,The Louvre,Lorde,0.664,0.382,0,-9.977,1,0.239,0.00749,0.0943,0.126,123.214,271088,4
6dtB54Z7eICDUOPq3QwXuo,Mary,Big Thief,0.406,0.1,5,-14.426,1,0.928,4.85e-06,0.104,0.0649,96.619,330107,4
2sCoROOlNQyFpRQEe6A5lv,Call Your Girlfriend,Robyn,0.599,0.887,8,-2.377,1,0.00101,0.0545,0.0716,0.461,125.097,227347,4
0EzQsfdVbVL6kp9Y2wpz6Q,Full of Fire,The Knife,0.62,0.878,9,-5.814,1,0.00517,0.46,0.0429,0.559,143.001,556507,4
2X485T9Z5Ly0xyaghN73ed,Let It Happen,Tame Impala,0.602,0.881,1,-5.875,0,0.00462,0.0266,0.111,0.577,125.012,467587,4
3e9HZxeyfWwjeyPAMmWSSQ,"thank u, next",Ariana Grande,0.717,0.653,1,-5.634,1,0.229,0.0,0.101,0.412,106.966,207320,4
0j55p8YRAPG8yajtNyjt6A,Hold You - Hold Yuh,Gyptian,0.69,0.621,8,-3.583,1,0.321,2.81e-05,0.0884,0.497,66.858,233253,3
0U0p8weaMIbIFMJ0CPlvHV,Sprawl II (Mountains Beyond Mountains),Arcade Fire,0.518,0.81,8,-6.445,1,0.016,0.0013,0.115,0.179,99.968,325547,4
0DFTtxA0UpZkKn8C4kpKVi,The Opener,Camp Cope,0.567,0.757,7,-5.998,1,0.297,0.0,0.1,0.759,97.183,220174,4
7wCN8IwqrTQpwkcWH5sP4o,Losing You,Solange,0.735,0.798,0,-6.175,1,0.0579,0.0677,0.161,0.464,113.997,260400,4
4gX2o4VU2iuyyCfssLUDwr,Laura,Bat For Lashes,0.459,0.187,7,-9.326,1,0.922,0.0,0.0939,0.0625,96.983,266493,4
1q3RiD1tIWUpGsNFADMlvl,All Too Well,Taylor Swift,0.602,0.609,0,-7.803,1,0.0382,0.0002,0.127,0.337,93.06,327893,4
25cUhiAod71TIQSNicOaW3,Adorn,Miguel,0.625,0.576,11,-5.693,0,0.0543,4.07e-05,0.187,0.235,179.063,193147,4
0Fao855T3klV3REFRFHRF3,Blackstar,David Bowie,0.366,0.552,6,-8.35,1,0.206,0.0595,0.178,0.114,97.98,597933,4
6hVGw7yVUd2bpdHMPCWrtN,March Madness,Future,0.406,0.661,8,-5.142,1,0.173,0.0,0.101,0.335,180.206,244613,3
6qn9YLKt13AGvpq9jfO8py,We Found Love,Calvin Harris,0.734,0.766,1,-4.485,1,0.025,0.00138,0.108,0.6,127.986,215227,4
19gEmPjfqSZT0ulDRfjl0m,Hot N*gga,Bobby Shmurda,0.794,0.51,9,-7.314,1,0.0505,1.81e-06,0.0562,0.18,167.879,194561,4
6LxcPUqx6noURdA5qc4BAT,Motion Sickness,Phoebe Bridgers,0.652,0.545,1,-9.021,1,0.774,0.0428,0.0847,0.626,107.019,229760,4
48RN2EOOyG2Gs5Pyla7ZJj,Worst Behavior,Drake,0.78,0.799,9,-6.359,1,0.158,0.0,0.209,0.414,109.944,270187,4
5vlOwOVK0gBhWZ1tNZ3gUV,Out Getting Ribs,King Krule,0.506,0.401,2,-9.857,1,0.618,0.000591,0.383,0.09,117.281,256000,4
6ET9kf9riLETWs9lePUEAI,Slow Burn,Kacey Musgraves,0.555,0.43,2,-9.105,1,0.462,0.000191,0.0869,0.274,147.613,246133,4
4kflIGfjdZJW4ot2ioixTB,Someone Like You,Adele,0.559,0.33,9,-8.251,1,0.892,0.0,0.0975,0.285,135.109,285040,4
1zsAAnB6dMpGOvXjoYP9Um,Yonkers,"Tyler, The Creator",0.712,0.759,11,-5.397,1,0.016,0.0808,0.217,0.738,79.103,249333,4
52WTLETEHs5jwCr7LCq0VW,Queen,Perfume Genius,0.418,0.547,1,-4.932,1,0.211,0.0443,0.187,0.13,131.99,230720,4
66hayvUbTotekKU3H4ta1f,Where Are Ü Now (with Justin Bieber),Justin Bieber,0.432,0.781,4,-4.038,0,0.041,4.21e-06,0.0789,0.197,139.432,250286,4
61yQP9FDS7ukp4eAVTdwit,Bloodbuzz Ohio,The National,0.39,0.834,9,-6.367,1,0.0554,0.18,0.103,0.684,157.077,275933,4
1eQBEelI2NCy7AUTerX0KS,Ultralight Beam,Kanye West,0.592,0.403,0,-8.768,0,0.62,0.0,0.54,0.391,105.169,320680,4
0PJIbOdMs3bd5AT8liULMQ,oui,Jeremih,0.418,0.724,5,-3.724,1,0.213,0.0,0.112,0.604,78.521,238320,5
4RIneS2VuDIzSaN4WRbFLD,County Line,Cass McCombs,0.58,0.152,2,-13.395,1,0.705,0.0212,0.111,0.323,124.76,337227,4
2CY92qejUrhyPUASawNVRr,Try Me,DeJ Loaf,0.56,0.81,0,-8.029,0,0.0071,7.93e-06,0.241,0.247,170.044,217573,4
3jZ0GKAZiDMya0dZPrw8zq,Desire Lines,Deerhunter,0.318,0.918,2,-6.288,1,0.0565,0.293,0.659,0.6,120.567,404413,4
6fjHjD6Fpe0eCWsv18aCqd,Bank Head (Extended) (Prod. Kingdom),Kelela,0.743,0.784,9,-6.727,1,0.116,0.115,0.0721,0.58,134.996,302341,4
4t9PBD27dndlf6YMBK2ROc,Track 10,Charli XCX,0.64,0.652,5,-5.07,1,0.212,0.0,0.0814,0.273,100.065,326907,4
40YBc3mR3yyqyYvtesQOMj,Chinatown,Destroyer,0.724,0.688,11,-5.563,0,0.00475,0.0108,0.199,0.552,114.014,229027,4
7DTlsMOQjGysXHpwwpHuPl,Lifestyle,Rich Homie Quan,0.546,0.667,1,-5.236,1,0.0152,0.0,0.0895,0.471,87.666,269693,4
4QhWbupniDd44EDtnh2bFJ,Pyramids,Frank Ocean,0.4,0.65,5,-6.104,0,0.0118,7.62e-05,0.791,0.15,107.989,592920,4
42zd6DYQ4o4SECmTITrM1U,Dreams and Nightmares,Meek Mill,0.631,0.774,11,-2.459,1,0.468,0.0,0.281,0.44,79.745,230693,4
01ZpFhrMMqKPVCwyqXneVp,True Love Waits,Radiohead,0.282,0.132,0,-15.569,1,0.938,0.104,0.1,0.0379,136.186,283464,4
2U23a01JvBxvuYiQpuHRF5,Pa'lante,Hurray For The Riff Raff,0.55,0.317,7,-7.431,1,0.71,7.52e-05,0.0828,0.0836,104.782,353240,3
0NTMtAO2BV4tnGvw9EgBVq,Bitch Better Have My Money,Rihanna,0.781,0.728,1,-4.981,1,0.0509,1.94e-06,0.257,0.395,102.99,219306,4
5dcZUsgcMW57ju0A379O7c,Them Changes,Thundercat,0.784,0.551,8,-8.645,1,0.551,0.000635,0.0899,0.715,81.678,188385,4
2RcanAJpudPNDkyIe9DzKS,Really Love,D'Angelo,0.638,0.395,4,-11.299,0,0.724,0.569,0.0761,0.316,78.516,344347,4
601KiLiZtBJRTXBrTjeieP,Ode to Viceroy,Mac DeMarco,0.514,0.632,2,-6.305,1,0.208,0.0132,0.115,0.31,94.569,233818,4
2zsa7Z6gCA5eBg0p9pbyLs,I Know There's Gonna Be (Good Times),Popcaan,0.564,0.594,11,-9.912,0,0.119,0.0,0.536,0.507,89.394,213622,4
0Js9hB2I66nJliPIJxzn2R,Higher Ground,Hudson Mohawke,0.711,0.761,6,-7.267,1,0.598,0.127,0.134,0.526,160.738,199343,4
55qBw1900pZKfXJ6Q9A2Lc,Teenage Dream,Katy Perry,0.719,0.804,10,-4.581,1,0.0132,3.02e-06,0.139,0.605,119.999,227760,4
1rqduvolf1CVHSzY519bPp,Hello,Erykah Badu,0.437,0.526,11,-5.876,0,0.643,0.0,0.325,0.394,76.162,319959,4
27r5zOoscJYQOkWpDmv4Pm,Miki Dora,Amen Dunes,0.826,0.501,10,-12.31,1,0.663,0.199,0.0864,0.557,123.579,303640,4
4U6GYrZi0xvNkUmFitCDED,Tilted,Christine and the Queens,0.872,0.361,7,-9.88,1,0.283,0.00262,0.108,0.489,100.001,233247,4
2d8JP84HNLKhmd6IYOoupQ,Trap Queen,Fetty Wap,0.746,0.873,7,-3.803,1,0.0244,0.0,0.354,0.817,148.075,222093,4
2rBquuYxu3ShGWQgIvnNHK,Before the World Was Big,Girlpool,0.67,0.185,2,-8.377,1,0.63,0.0,0.117,0.455,100.368,141191,4
3CA9pLiwRIGtUBiMjbZmRw,Nice For What,Drake,0.585,0.909,8,-6.474,1,0.0891,9.7e-05,0.119,0.758,93.372,210747,4
2tB9BvLEkX3xM73id2kIGu,I Belong in Your Arms - Japanese Version,Chairlift,0.507,0.813,5,-5.378,1,0.00705,9.93e-05,0.109,0.765,172.665,209347,4
7eaKWfov7b2Qa2n6HTesL3,Shabba (feat. A$AP Rocky),A$AP Rocky,0.869,0.712,9,-6.136,1,0.0715,0.0,0.272,0.435,120.0,275867,4
1j8z4TTjJ1YOdoFEDwJTQa,Ain't It Fun,Paramore,0.61,0.893,9,-3.681,1,0.154,4.41e-05,0.021,0.673,104.031,296520,4
6B61cpAqUJqOMiCG86b0FW,Conceptual Romance,Jenny Hval,0.279,0.474,6,-11.598,1,0.608,0.673,0.132,0.205,83.174,272195,4
69kOkLUCkxIZYexIgSG8rq,Get Lucky (feat. Pharrell Williams & Nile Rodgers),Nile Rodgers,0.81,0.793,6,-9.404,0,0.0378,1.82e-06,0.072,0.863,116.049,369627,4
6u0dQik0aif7FQlrhycG1L,The Morning,The Weeknd,0.652,0.549,6,-7.555,0,0.317,0.0,0.104,0.186,120.073,312427,4
5T3nQfdhDNLQ5cYS4lVT2Y,Kindred,Burial,0.349,0.783,10,-10.245,0,0.173,0.837,0.111,0.36,174.703,686048,5
5pyVqlqThcxI7tPDjHIzPh,Climax,Usher,0.647,0.478,8,-8.837,1,0.547,2.69e-05,0.156,0.333,135.877,232907,4
2xLMifQCjDGFmkHkpNLD9h,SICKO MODE,Travis Scott,0.834,0.73,8,-3.714,1,0.00513,0.0,0.124,0.446,155.008,312820,4
09CtPGIpYB4BrO8qb1RGsF,Sorry,Justin Bieber,0.654,0.76,0,-3.669,0,0.0797,0.0,0.299,0.41,99.945,200787,4
02RjeZNfU1hEicU6sZVT4J,Feelin (feat. Spinn & Taso),Taso,0.374,0.836,4,-7.503,1,0.000115,0.737,0.346,0.0937,79.916,270815,4
0iYebKFUSfF72fUu2OW6ZT,Super Bass,Nicki Minaj,0.72,0.861,11,-4.339,1,0.269,5.11e-06,0.601,0.669,126.991,200013,4
336ZYcU6poBWi3s8yzRcAD,I Follow Rivers,Lykke Li,0.599,0.533,9,-14.032,0,0.475,0.00153,0.235,0.607,122.262,228467,4
3RJclnBV8g9mvHPtSzPf7c,Ride (feat. Ludacris),Ludacris,0.694,0.719,7,-4.538,1,0.00131,1.47e-05,0.0714,0.352,129.961,274147,4
493ZpVleSN7MnPyWc8mzUQ,CMYK,James Blake,0.374,0.806,9,-8.214,0,0.179,0.000448,0.0647,0.236,139.093,219276,4
0VL32DjEZZiOj2dYo9a0NX,Danny Glover,Young Thug,0.864,0.578,9,-11.12,1,0.21,0.00301,0.211,0.198,117.002,197528,4
2dLLR6qlu5UJ5gk0dKz0h3,Royals,Lorde,0.674,0.428,7,-9.504,1,0.121,0.0,0.132,0.337,84.878,190185,4
5sl2735QKaOmL8UL4Q39Ut,Peso,A$AP Rocky,0.527,0.831,10,-6.876,0,0.167,0.0,0.0861,0.584,140.017,170307,4
15FNwavTRr5gfBMWgMX9P7,Kill For Love,Chromatics,0.585,0.936,11,-3.413,1,0.00275,0.0134,0.108,0.665,118.157,237998,4
0VgkVdmE4gld66l8iyGjgx,Mask Off,Future,0.833,0.434,2,-8.795,1,0.0102,0.0219,0.165,0.281,150.062,204600,4
41AtPa0RB4WZxbMag1S5Ym,Truth,Kamasi Washington,0.309,0.838,2,-8.134,1,0.0851,0.63,0.143,0.391,115.26,810322,4
3olYZQTYOLYNImERBnZZqm,Honey,Robyn,0.652,0.604,11,-8.666,0,0.0179,0.000589,0.119,0.068,115.953,294003,4
4Dn4S9ZvIaOKIcXSfIMJTn,Duck Duck Goose,cupcakKe,0.91,0.727,6,-6.619,1,0.0387,0.0,0.0874,0.475,104.995,193872,4
5DmCLnojsZpi5SH2MMBDOW,drink i'm sippin on,Yaeji,0.732,0.504,4,-10.276,0,0.0158,0.031,0.166,0.477,130.084,201446,4
0wwPcA6wtMf6HUMpIRdeP7,Hotline Bling,Drake,0.891,0.628,2,-7.863,1,0.00258,0.00019,0.0504,0.552,134.966,267067,4
4I2LbmU2yiY2p6m5gJRcRy,The Lord's Favorite,Iceage,0.235,0.93,6,-5.687,0,0.000322,0.000106,0.116,0.355,119.572,229000,4
1skF7P66ZBQo43Z13aSYK1,New York Is Killing Me,Gil Scott-Heron,0.887,0.882,0,-6.434,1,0.162,0.243,0.197,0.765,103.02,269920,4
1Tt4sE4pXi57mTD1GCzsqm,Needed Me,Rihanna,0.671,0.314,5,-8.091,0,0.11,0.0,0.0825,0.296,110.898,191600,4
4l7woy9fyyFsYSlQtOj5fG,"BMF (ft. Rick Ross, Styles P.)",DJ Rell,0.726,0.838,2,-4.221,1,0.0108,0.0,0.377,0.359,139.964,248040,4
7qCZgvV98j6RjUULW1s1it,Inside Out,Spoon,0.621,0.62,0,-4.721,1,0.459,0.162,0.0771,0.515,176.016,301960,4
55WLWX71YkHt2tSucNIf1g,Sold Out Dates (feat. Lil Baby),Lil Baby,0.817,0.556,4,-7.178,0,0.469,0.0,0.131,0.314,126.991,166368,4
0At2qAoaVjIwWNAqrscXli,Boo'd Up,Ella Mai,0.561,0.779,10,-5.107,0,0.0862,0.0,0.078,0.235,81.965,256064,4
15EPc80XuFrb2LmOzGjuRg,Crew (feat. Brent Faiyaz & Shy Glizzy),Shy Glizzy,0.728,0.607,1,-8.417,0,0.133,0.0,0.0864,0.445,129.938,176702,4
1Q9PT8sgU7q9IH7kb5dSwv,Stonemilker,Björk,0.115,0.253,2,-13.573,1,0.132,0.00552,0.1,0.047,61.251,409329,4
4It00tEYLwpjQtAhqnjCPC,Beez In The Trap,2 Chainz,0.813,0.782,9,-6.005,1,0.0227,0.00165,0.0956,0.681,150.003,268493,4
3a2pfAIEndc6RKV2pAQDIT,Glass Jar,Gang Gang Dance,0.172,0.725,6,-7.596,0,0.000142,0.101,0.181,0.113,166.439,681920,4
2vwlzO0Qp8kfEtzTsCXfyE,Wrecking Ball,Miley Cyrus,0.53,0.422,5,-6.262,1,0.407,0.0,0.107,0.349,119.964,221360,4
76pvh4YUJdtxyVA37w7Fsp,30,Danny Brown,0.439,0.888,4,-4.045,1,0.00682,0.0,0.163,0.673,140.899,198403,4
3YufkKqsssZ8wt9T24ULSj,Everybody Wants to Love You,Japanese Breakfast,0.47,0.877,7,-3.32,1,0.392,0.144,0.308,0.681,129.959,132632,4
0aiCRTUgEMeU68fIXfOFnq,Wut,Girl Unit,0.501,0.794,5,-7.052,0,0.00109,0.94,0.277,0.134,139.975,419056,4
1pzJboOZaDNwshBnOlNh3a,1+1,Beyoncé,0.303,0.384,6,-7.342,1,0.381,5.14e-06,0.0661,0.261,63.345,273880,5
47uhrF6IvyE2eUyyfLAEzf,Katy On a Mission,Katy B,0.675,0.731,8,-5.211,1,0.0232,8.16e-06,0.0856,0.507,139.898,219120,4
53dkS3h9uTNsWYZTPacnpx,Oldie,Odd Future,0.839,0.583,1,-5.941,1,0.239,0.0,0.262,0.564,87.99,636213,4
1TFdSG786lkY22jKsMDZ35,Clarks,Gaza Slim,0.631,0.802,8,-5.316,1,0.0886,0.0,0.103,0.772,101.872,183893,4
0v9Wz8o0BT8DU38R4ddjeH,No Problem (feat. Lil Wayne & 2 Chainz),2 Chainz,0.652,0.795,11,-5.192,0,0.156,0.0,0.123,0.788,135.018,304607,4
4ou5xyFUJX4VwX76tw1qb1,Fall,DaVido,0.928,0.675,5,-3.535,1,0.379,0.0,0.0533,0.794,105.952,240000,4
6it15CsDlkqB7N4lF0C1qM,Caro,Bad Bunny,0.651,0.575,0,-7.739,1,0.627,0.000202,0.0961,0.248,160.007,229456,4
3jVtllWS5CFFWLQng8sKsr,2 On (feat. ScHoolboy Q),ScHoolboy Q,0.742,0.595,9,-7.51,1,0.15,0.0,0.111,0.431,101.013,227000,4
5mWhSQfWEeBZD9YTd4yyFc,Dum Surfer,King Krule,0.651,0.944,2,-5.48,1,0.0855,0.145,0.116,0.676,119.983,263440,4
5IXTT9RvcVupmzLTFqIInj,New York,St. Vincent,0.373,0.449,10,-11.646,1,0.892,1.26e-05,0.175,0.327,137.866,154960,4
4J3FltfCktHfD9iPCneDGy,Kiss,Lil Peep,0.346,0.769,4,-7.224,1,0.00829,0.0,0.0815,0.163,150.589,250267,4
1CkvWZme3pRgbzaxZnTl5X,Rolling in the Deep,Adele,0.729,0.756,8,-5.119,1,0.131,0.0,0.0527,0.522,104.945,228293,4
64qtZmx57W6XbnqTn3eSE0,Marijuanaut's Theme,Sleep,0.177,0.874,5,-7.099,1,0.0188,0.773,0.356,0.322,149.322,400416,3
608a1wIsSd5KzMEqm1O7w3,I'm On One,Lil Wayne,0.413,0.807,11,-3.499,0,0.0536,0.0,0.631,0.438,149.33,296147,4
4lY95OMGb9WxP6IYut64ir,Shake It Out,Florence + The Machine,0.527,0.804,10,-4.168,1,0.0104,0.0,0.105,0.221,107.486,277720,4
4HJ8PUKMGrqApp1U6IIaZF,Come On A Cone,Nicki Minaj,0.732,0.824,6,-4.406,0,0.342,0.0,0.239,0.732,154.061,185293,4
5zOnoB8FdZudDcPX4O8WqF,(No One Knows Me) Like the Piano,Sampha,0.621,0.199,10,-13.788,1,0.976,0.00186,0.107,0.178,128.905,218160,4
203xmWRHAyqwW6AkGkhhVM,The Space Program,A Tribe Called Quest,0.612,0.705,1,-5.898,1,0.427,0.0,0.658,0.533,101.876,341040,4
316r1KLN0bcmpr7TZcMCXT,The Sound,The 1975,0.646,0.938,0,-4.735,1,0.0875,6.52e-06,0.447,0.545,120.708,248880,4
0fsqJ5gEoZ6MGmXnQjIlmZ,My Life,Rich Kidz,0.51,0.847,8,-5.809,1,0.0823,0.0,0.143,0.273,135.179,223583,4
1qe9hue6nh9KPHvRlA1hob,My Queen Is Harriet Tubman,Sons Of Kemet,0.644,0.76,11,-7.713,0,0.0545,0.882,0.188,0.605,139.422,338133,4
4Km5HrUvYTaSUfiSGPJeQR,Bad and Boujee (feat. Lil Uzi Vert),Lil Uzi Vert,0.927,0.665,11,-5.313,1,0.061,0.0,0.123,0.175,127.076,343150,4
40xhyfAPDoMtv494MfPevP,XO,Beyoncé,0.47,0.792,0,-8.932,1,0.171,1.28e-06,0.313,0.214,170.085,215947,4
0D21XvHcVsIvJM6FcGY2BT,OOOUUU,Young M.A,0.64,0.819,7,-4.108,1,0.533,0.0,0.156,0.623,166.012,234526,4
6Nle9hKrkL1wQpwNfEkxjh,Chanel,Frank Ocean,0.776,0.503,0,-5.732,0,0.874,0.0,0.112,0.473,110.134,210285,4
3buy5Ooz6uNL48W1yBUzbM,Seventeen,Sharon Van Etten,0.537,0.772,5,-7.367,1,0.0168,0.208,0.0686,0.242,127.097,265920,4
44GokgCa37BTZP2NU2zkoJ,Shutdown,Skepta,0.656,0.746,7,-4.716,1,0.126,0.0,0.508,0.824,104.044,188939,3
6Ype94Pq1fdg0zogE05AfQ,Dawn Chorus,Thom Yorke,0.261,0.174,7,-16.161,1,0.854,0.893,0.169,0.0393,138.999,323080,4
2qwn6whaZf7gax7SaqUZSC,Incredible,Future,0.79,0.438,1,-6.462,1,0.0634,0.0,0.1,0.247,90.022,248050,4
0GzmMQizDeA2NVMUaZksv0,Mi Gente (feat. Beyoncé),Beyoncé,0.759,0.716,11,-6.36,0,0.0223,0.0,0.231,0.469,105.009,209733,4
0Yp3wCUpjrG7NWWPDpmQXm,Paranoid (feat. B.o.B),B.o.B,0.858,0.398,1,-11.306,1,0.00888,0.0,0.112,0.258,97.476,216520,4
1nrsFfACPG4Hnw5AuOpCND,Smack A Bitch,Rico Nasty,0.703,0.7,2,-2.417,1,0.0055,0.0,0.115,0.34,169.861,138353,4
3ZD9gRzWJtDsC72rMiwqAa,Baby Luv,Nilüfer Yanya,0.828,0.447,1,-8.298,1,0.463,1.13e-06,0.103,0.681,115.979,207971,4
7gUux50RnQ0SC0lXIZuod3,Wonton Soup,Lil B,0.645,0.797,4,-5.943,0,0.0363,0.0,0.247,0.367,129.956,351240,4
68rdZO4AcPakdi2zaS7kPI,I'm Not Part of Me,Cloud Nothings,0.389,0.955,1,-4.962,1,0.0524,0.652,0.0815,0.431,86.927,275309,4
17vPVgWbYv0QGjO3LFn7Iw,Believer,John Maus,0.517,0.67,0,-7.628,1,4.31e-05,0.0307,0.324,0.239,117.426,245293,4
582YjxdRTGri2bdGlG7xaS,The Line,dvsn,0.399,0.226,0,-11.731,0,0.411,0.000256,0.105,0.165,119.903,431923,4
6dfXwa0dI1sBm4CIePuOYM,Levels,Avicii,0.601,0.834,1,-6.573,0,0.0295,0.888,0.34,0.352,125.991,338867,4
3uMB82o0qa7erhiZBW9KQC,Big For Your Boots,Stormzy,0.515,0.902,6,-4.729,0,0.0313,0.0,0.093,0.628,174.589,238419,5
6HZ9VeI5IRFCNQLXhpF4bq,I Love It (feat. Charli XCX),Charli XCX,0.711,0.906,8,-2.671,1,0.00952,1.64e-05,0.153,0.824,125.916,157153,4
