id,title,main_artist,danceability,energy,key,loudness,mode,acousticness,instrumentalness,liveness,valence,tempo,duration_ms,time_signature,Year
7gARZ2i5u5DHC1b1n1fML5,Breezeblocks,alt-J,0.569,0.645,5,-7.368,1,0.118,0.00114,0.146,0.247,74.985,227080,4,2016
0LPNhjjjg432PrqsDUcLjs,Sleep by Rivers,Kyle Lionhart,0.639,0.361,9,-13.296,1,0.67,0.000333,0.121,0.407,86.53,241023,4,2016
1xCkZYGKDv7ELjSlIKedOy,No Diggity,Chet Faker,0.672,0.506,2,-12.013,0,0.589,2.38e-05,0.0925,0.5,79.974,225000,4,2016
1lzr43nnXAijIGYnCT8M8H,It Wasn't Me,Rik Rok,0.853,0.606,0,-4.596,1,0.0561,0.0,0.313,0.654,94.759,227600,4,2016
7iL6o9tox1zgHpKUfh9vuC,In Da Club,50 Cent,0.899,0.713,6,-2.752,0,0.255,0.0,0.0708,0.777,90.051,193467,4,2016
7bTwYGhBdSQ8vuXc76Xint,Ophelia,The Lumineers,0.667,0.58,5,-6.412,1,0.605,0.000231,0.0849,0.579,76.241,160097,4,2016
0240T0gP9w6xEgIciBrfVF,Talk Is Cheap,Chet Faker,0.656,0.61,0,-7.894,0,0.416,0.000172,0.245,0.52,140.058,218067,4,2016
1VNKX7xOD6eRKocHks3YKu,Class a Girl,Kyle Lionhart,0.456,0.4,8,-10.638,0,0.569,0.000431,0.232,0.266,58.564,232525,4,2016
7gWuvpjf7ghzYSQoGQuU3d,Pica Do 7,António Zambujo,0.71,0.443,9,-7.254,1,0.798,7.35e-06,0.109,0.627,91.098,251664,3,2016
765sQC7Bazh6ZeuWiB4vVK,Drop The Game,Chet Faker,0.559,0.67,7,-4.985,1,0.592,0.000184,0.171,0.438,78.957,221895,4,2016
4Gn4nVCqfOwm1BH57QeDmd,Slow Sips,Kyle Lionhart,0.33,0.188,3,-14.328,1,0.898,1.19e-05,0.0915,0.0848,82.192,268636,1,2016
6KprCGVC5o2Ibj2wCtaxEV,Sleep On The Floor,The Lumineers,0.391,0.442,0,-8.076,1,0.298,0.0,0.13,0.246,142.56,211851,4,2016
126TblwXGNTUZ7RPMnThkU,Left Hand Free,alt-J,0.698,0.876,3,-4.45,1,0.452,0.0133,0.0824,0.81,101.992,173631,4,2016
0My8NPmENHrN5W7OfgZnZJ,The One,Kodaline,0.43,0.587,9,-8.003,1,0.654,8.83e-05,0.158,0.332,156.006,232520,4,2016
1xznGGDReH1oQq0xzbwXa3,One Dance,Kyla,0.791,0.619,1,-5.886,1,0.00784,0.00423,0.351,0.371,103.989,173987,4,2016
3SX3avuJK7qpCemnzI1Vp0,Compromise,Kyle Lionhart,0.592,0.404,11,-10.809,0,0.568,3.55e-06,0.116,0.128,114.576,254667,4,2016
0HV1cGoX5ASBlPA1pqH8fG,Every Other Freckle,alt-J,0.528,0.707,2,-7.626,1,0.625,0.0355,0.116,0.502,143.802,216004,4,2016
3Z0YN50RzRtmYre1bRG8H6,Hunger Of The Pine,alt-J,0.6,0.416,7,-9.553,1,0.776,0.0265,0.109,0.0786,93.625,299711,4,2016
1DIg9155AY65dpR5Lf5Vg4,Honest,Kodaline,0.389,0.758,0,-5.662,1,0.00389,0.0,0.167,0.318,154.919,218933,4,2016
3M0pROlXyH0bzh9CNJhDOJ,Angela,The Lumineers,0.656,0.572,4,-8.162,1,0.653,0.000179,0.113,0.319,130.37,201786,4,2016
3u9fHuAtjMY1RW2mZfO4Cf,Gangsta's Paradise (feat. L.V.),L.V.,0.641,0.63,8,-6.393,1,0.0372,0.0,0.4,0.415,79.955,241933,4,2016
6gP9gjBR6KQ4T2pw9CLtkj,Fitzpleasure,alt-J,0.573,0.6,9,-6.943,1,0.142,0.00146,0.102,0.352,143.957,219387,4,2016
0h5m65o5KnMFB4Gq47mbKt,Candy Shop,Olivia,0.619,0.578,11,-8.002,1,0.0214,3.37e-05,0.387,0.731,123.719,208144,5,2016
2Cd9iWfcOpGDHLz6tVA3G4,Waka Waka (This Time for Africa) [The Official 2010 FIFA World Cup (TM) Song] (feat. Freshlyground),Freshlyground,0.766,0.873,11,-6.381,0,0.00627,0.0,0.0764,0.743,126.988,202627,4,2016
2PpruBYCo4H7WOBJ7Q2EwM,Hey Ya!,OutKast,0.728,0.974,4,-2.261,0,0.103,0.000532,0.175,0.965,79.526,235213,4,2016
1MYlx4dBtiyjn7K8YSyfzT,The Real Slim Shady,Eminem,0.947,0.655,5,-4.243,0,0.0331,0.0,0.0433,0.787,104.485,284800,4,2016
11IYMTXu5Uws1DjmUMLOcP,Love Will Set You Free,Kodaline,0.472,0.421,11,-8.553,1,0.115,3.09e-06,0.167,0.288,75.017,260093,4,2016
4JVSkSJAKbSlwkSepkXcK6,Something Good,alt-J,0.68,0.588,7,-10.36,1,0.728,0.499,0.0791,0.521,108.994,218240,4,2016
5qLTGDTTIHxxIU835qJWfT,Quero Ser Feliz Também - Ao Vivo,Natiruts,0.755,0.55,8,-7.402,0,0.427,0.0,0.697,0.757,91.96,214613,4,2016
7hInyqSmPYtu5OlqoRC14z,On My Own,Kyle Lionhart,0.531,0.384,9,-12.703,1,0.73,0.183,0.0906,0.229,85.014,235000,4,2016
6DXLO8LndZMVOHM0wNbpzg,Danza Kuduro,Lucenzo,0.699,0.917,0,-4.897,1,0.078,0.0,0.065,0.889,130.04,198787,4,2016
1qziCx0BHzpd6LeSqx8vAq,Dia De Folga,Ana Moura,0.589,0.714,2,-5.423,1,0.632,0.0,0.181,0.716,126.978,157573,4,2016
6DNtNfH8hXkqOX1sjqmI7p,Cold Water (feat. Justin Bieber & MØ),MØ,0.608,0.798,6,-5.092,0,0.0736,0.0,0.156,0.501,92.943,185352,4,2016
1EbacZvcixTCTzBcJfaua2,Tessellate,alt-J,0.683,0.613,2,-6.478,1,0.378,0.0424,0.119,0.42,116.911,182667,4,2016
1g7zNtcGrWt8gcBRwDQEkf,Gold,Chet Faker,0.502,0.507,1,-9.296,1,0.397,0.000744,0.151,0.21,139.931,285256,4,2016
4J1jwrANigBc8EQvZWhguj,Garota de Ipanema - Remastered,Vinícius de Moraes,0.537,0.616,2,-12.103,1,0.227,0.00161,0.666,0.719,114.332,140202,5,2016
2eqEn2dpA71pANlTJ0EZbC,Fatalidade,António Zambujo,0.598,0.549,7,-7.379,1,0.726,0.000858,0.217,0.564,96.047,168444,4,2016
2ZNowcE7ehJYEkChoRjSx0,Life Of The Party,Shawn Mendes,0.667,0.614,10,-4.995,1,0.0663,0.0,0.111,0.161,113.979,214533,4,2016
1WP1r7fuvRqZRnUaTi2I1Q,Stitches,Shawn Mendes,0.746,0.754,1,-6.681,1,0.0152,0.0,0.0486,0.764,149.882,206880,4,2016
1NyFRrFiJAJIaR6icj1goI,Skinny Love,Bon Iver,0.592,0.256,4,-14.031,0,0.842,2.38e-06,0.088,0.103,76.361,238533,4,2016
5rb9QrpfcKFHM1EUbSIurX,Yeah! (feat. Lil Jon & Ludacris),Ludacris,0.894,0.791,2,-4.699,1,0.0183,0.0,0.0388,0.583,105.018,250373,4,2016
1f3yAtsJtY87CTmM8RLnxf,Smells Like Teen Spirit,Nirvana,0.502,0.912,1,-4.556,1,2.55e-05,0.000173,0.106,0.72,116.761,301920,4,2016
06DaCxeg3IUMcxDkKEyQKf,A Little Too Much,Shawn Mendes,0.553,0.507,11,-6.24,1,0.473,0.0,0.108,0.57,83.093,187027,4,2016
4e8KvQ6kLYr4ZnmZyNLwJO,Taro,alt-J,0.357,0.482,5,-10.627,1,0.776,0.00417,0.0829,0.283,171.697,305107,4,2016
74cjmx8wpmhek5qXpSSFCL,Valsa De Um Pavão Ciumento,António Zambujo,0.583,0.355,9,-7.446,1,0.824,0.00524,0.0917,0.341,102.726,179291,3,2016
1Je1IMUlBXcx1Fz0WE7oPT,Wannabe,Spice Girls,0.768,0.864,11,-6.145,1,0.101,0.0,0.162,0.891,110.008,173027,4,2016
1vcxF91pWs9uNwDROuiCPB,Savior,Rise Against,0.554,0.932,5,-3.424,0,0.00154,0.000142,0.425,0.478,112.49,242280,4,2016
4rc9kQ6qyssElIccFJgbJb,My Name Is,Eminem,0.882,0.678,1,-6.165,1,0.0427,0.0,0.118,0.809,85.491,268853,4,2016
57bgtoPSgt236HzfBOd8kj,Thunderstruck,AC/DC,0.501,0.889,4,-5.175,1,0.000147,0.0114,0.217,0.257,133.519,292880,4,2016
63MgFVcIldlw51imFtcgK1,El Perdón,Enrique Iglesias,0.622,0.701,8,-5.452,1,0.423,0.0,0.0955,0.645,179.998,207013,4,2016
44T13PWJ87jb3lFElhVIHx,Growing Up (feat. Ed Sheeran),Ed Sheeran,0.74,0.549,9,-7.072,1,0.178,0.0,0.114,0.469,85.16,305240,4,2016
6nLvaCZFR1wEzW3sIKpsnr,"Valerie - Live At BBC Radio 1 Live Lounge, London / 2007",Amy Winehouse,0.772,0.371,5,-5.743,0,0.744,0.0,0.167,0.684,96.574,233733,4,2016
60bBoLe9ocxO3zrb0mRO4k,The Trouble With Us,Nick Murphy,0.831,0.715,2,-5.792,1,0.334,0.000881,0.16,0.834,121.08,222067,4,2016
5XJJdNPkwmbUwE79gv0NxK,Gold Digger,Jamie Foxx,0.646,0.696,1,-5.572,0,0.0192,0.0,0.0762,0.625,92.88,207401,4,2016
2jTidefcsTu6VQhpIImJrt,All I Want,Kodaline,0.209,0.412,0,-9.733,1,0.172,0.15,0.0843,0.162,86.26,305747,3,2016
3jueczirq2DTNyB93TJXWf,Algo Estranho Acontece,António Zambujo,0.855,0.254,2,-11.289,0,0.871,0.00483,0.217,0.445,119.932,214187,4,2016
1cDjEIfiKJ6Oo1xxWVUm9F,Hunger Of The Pine,alt-J,0.356,0.508,2,-8.313,1,0.678,0.0851,0.951,0.0378,93.819,321000,4,2016
4zolucjtFImLJjMApnjoet,Zero To Hero,Tawatha Agee,0.472,0.835,0,-7.734,1,0.467,0.0,0.377,0.715,164.864,140267,4,2016
0YtFqZhheQZIrVc0qbqL8D,Re-tratamento,Da Weasel,0.841,0.475,4,-7.512,1,0.0743,0.000506,0.115,0.451,174.963,245693,4,2016
7BKLCZ1jbUBVqRi2FVlTVw,Closer,Halsey,0.748,0.524,8,-5.599,1,0.414,0.0,0.111,0.661,95.01,244960,4,2016
7atIHMnLUJ5ikdnosz1GwU,Barbie Girl,Aqua,0.81,0.956,1,-5.753,0,0.0167,0.281,0.35,0.961,129.996,197907,4,2016
6YZdkObH88npeKrrkb8Ggf,DUELE EL CORAZON (feat. Wisin),Wisin,0.724,0.904,8,-3.354,0,0.0786,0.0,0.226,0.846,90.999,200813,4,2016
6OrNf46vJrHqNP3IFpmvhV,Lambreta,António Zambujo,0.695,0.171,9,-12.284,1,0.849,0.0349,0.108,0.396,132.887,144240,3,2016
4GC1Y6ALSWw8zBp4urbqp9,Dizer Que Não (feat. Matay),Matay,0.646,0.657,6,-7.47,1,0.355,0.0,0.107,0.407,95.994,232480,4,2016
14WWzenpaEgQZlqPq2nk4v,Work,Drake,0.725,0.534,11,-6.238,1,0.0752,0.0,0.0919,0.558,91.974,219320,4,2016
5WObuDOxPHlQaoYUf2W4lh,Flowers In Your Hair,The Lumineers,0.675,0.608,7,-10.088,1,0.741,8.73e-05,0.217,0.583,127.451,110560,4,2016
1dILRjV0gwHAdZ1hHjW5T3,One Jump Ahead,Brad Kane,0.558,0.323,7,-16.439,1,0.437,0.0,0.751,0.659,123.661,142440,4,2016
27PmvZoffODNFW2p7ehZTQ,Don't Mind,Kent Jones,0.464,0.771,8,-4.503,1,0.0235,0.0,0.063,0.69,158.777,198237,4,2016
0tuMqARcfpmrmpwGtPMZS8,Fitzpleasure,alt-J,0.572,0.842,11,-5.771,0,0.0331,2.46e-05,0.931,0.414,143.968,223693,4,2016
5OFcjrC1OiRSBylQgF5HDD,Slow It Down,The Lumineers,0.431,0.065,1,-14.558,1,0.93,0.0,0.0917,0.106,142.55,307000,4,2016
1Xl0Rt4bMdEw5n0nMax2qH,The Train (feat. Carla Morrison),Carla Morrison,0.678,0.415,0,-11.561,1,0.665,0.0,0.106,0.333,114.987,187213,4,2016
37KL1oRZD8yzcke0yYdkE0,Society,Eddie Vedder,0.64,0.328,11,-10.844,0,0.896,0.000541,0.113,0.295,80.689,236307,4,2016
6lXQWATvzJE5nnuztROJIi,You've Got a Friend in Me - Remastered 2015,Randy Newman,0.701,0.442,3,-8.577,1,0.808,1.68e-06,0.294,0.45,115.678,124653,4,2016
0U5bjEnq9DUJS67pVv5WiH,Something Good,alt-J,0.61,0.838,7,-5.37,1,0.496,0.0172,0.978,0.42,109.045,242187,4,2016
5kqIPrATaCc2LqxVWzQGbk,7 Years,Lukas Graham,0.765,0.473,10,-5.829,1,0.287,0.0,0.391,0.34,119.992,237300,4,2016
1nqJvzF8URpip2qbg8izYb,One Day,Kodaline,0.48,0.749,3,-5.553,1,0.0839,0.00128,0.111,0.326,96.015,255560,4,2016
6pO5svQbrKKLZS08tIiEUA,Hawaiian Roller Coaster Ride,Kamehameha Schools Children's Chorus,0.693,0.587,5,-9.64,1,0.224,8.46e-05,0.0768,0.892,114.6,209427,4,2016
42k1KeBehAd83lrGt1okiC,Loca (feat. El Cata),El Cata,0.8,0.692,9,-5.57,0,0.342,1.92e-06,0.0554,0.917,112.002,183693,4,2016
5S8t5fyCTBBuP8Tc5KgIEu,Circle Of Life,Lebo M.,0.419,0.568,10,-8.568,1,0.15,0.0,0.324,0.514,83.709,239253,4,2016
1jdNcAD8Ir58RlsdGjJJdx,Ho Hey,The Lumineers,0.685,0.474,0,-9.105,1,0.779,1.23e-06,0.149,0.36,79.991,161227,4,2016
12qZHAeOyTf93YAWvGDTat,All The Small Things,blink-182,0.442,0.893,0,-4.878,1,0.00844,0.0,0.529,0.712,148.119,168000,4,2016
5gqcOwKXxGTth8CUfN8woT,Brave,Riley Pearce,0.505,0.409,4,-10.588,0,0.569,0.00228,0.153,0.228,116.05,247793,4,2016
1W4SLYqNQsxCSIWpDLXyJN,Canção De Engate - Acoustic Version,Tiago Bettencourt,0.243,0.642,8,-6.67,1,0.251,0.0309,0.882,0.179,73.643,324733,3,2016
1B75hgRqe7A4fwee3g3Wmu,U Can't Touch This,MC Hammer,0.867,0.517,11,-13.222,0,0.00456,0.000339,0.0864,0.866,133.148,257360,4,2016
2cXcizftGUHRwgDgXLSHVb,Boots Of Spanish Leather,The Lumineers,0.58,0.0257,11,-16.587,1,0.909,1.13e-06,0.111,0.261,100.513,281227,4,2016
1O2sxmjod6AsBjdrCbEgiC,Lepo Lepo,J'aime,0.561,0.833,9,-4.752,1,0.209,0.0,0.131,0.6,139.998,161320,4,2016
7w9bgPAmPTtrkt2v16QWvQ,"Lose Yourself - From ""8 Mile"" Soundtrack",Eminem,0.701,0.728,2,-4.554,1,0.00971,0.00115,0.361,0.0591,171.388,326467,4,2016
579eDlIhaT8j0txv8H6aOS,Dig a Little Deeper,Pinnacle Gospel Choir,0.715,0.82,0,-4.249,1,0.349,4.62e-06,0.116,0.798,98.001,167933,4,2016
2zKMZc3x4rgVLmzECzIUI3,"Be Our Guest - From ""Beauty and the Beast""",Chorus - Beauty And the Beast,0.51,0.487,2,-11.053,1,0.807,0.0,0.261,0.667,110.728,223040,4,2016
1HNkqx9Ahdgi1Ixy2xkKkL,Photograph,Ed Sheeran,0.614,0.379,4,-10.48,1,0.607,0.000464,0.0986,0.201,107.989,258987,4,2016
3ZFTkvIE7kyPt6Nu3PEa7V,Hips Don't Lie (feat. Wyclef Jean),Wyclef Jean,0.778,0.824,10,-5.892,0,0.284,0.0,0.405,0.756,100.024,218093,4,2016
15twB7zTglmu0Bg8gW4Mrm,Stubborn Love,The Lumineers,0.596,0.555,0,-11.689,1,0.617,0.0395,0.275,0.235,115.019,277333,4,2016
6aPhlSE4dI6COrgzIpGOQp,Down in New Orleans (Finale),Anika Noni Rose,0.575,0.817,0,-3.636,1,0.504,0.000335,0.136,0.796,147.894,97693,4,2016
5qjWSyuU0rTLI8ohmx2K3Q,Kevin (feat. Leon Bridges),Leon Bridges,0.5,0.693,8,-7.078,1,0.546,0.0,0.151,0.371,190.511,280200,4,2016
0Tl84qfow6Dv0PM60zoBhb,La Bomba,azul azul,0.923,0.768,1,-7.321,1,0.119,0.0,0.0689,0.96,94.013,123960,4,2016
70K0ezmzYEZeqoSaZMyP7o,Let It All Go,RHODES,0.383,0.43,10,-8.644,1,0.817,1.04e-06,0.0869,0.174,107.005,280757,4,2016
11KJSRSgaDxqydKYiD2Jew,Too Good,Rihanna,0.804,0.648,7,-7.805,1,0.0573,3.49e-05,0.102,0.392,117.983,263373,4,2016
2253JiMEWoh0AolQG3lcNk,Friends on the Other Side,Keith David,0.405,0.62,9,-7.32,0,0.791,6.17e-05,0.505,0.389,125.021,214960,1,2016
5dNlBvwZWGPtzk21ZTLVx1,Holdin’ Out,The Lumineers,0.479,0.669,11,-11.301,1,0.185,0.0262,0.103,0.336,113.027,186520,4,2016
6rQvEE7Jvkdwnn8RroMs15,I Forget Where We Were,Ben Howard,0.3,0.477,0,-9.555,1,0.438,0.169,0.0924,0.187,112.976,281213,4,2016
5N1itNLaYtifU8YVbg9SBQ,She Treats Me Well,Ben Howard,0.6,0.498,0,-12.637,0,0.389,0.26,0.0691,0.614,79.661,317933,4,2016
7gARZ2i5u5DHC1b1n1fML5,Breezeblocks,alt-J,0.569,0.645,5,-7.368,1,0.118,0.00114,0.146,0.247,74.985,227080,4,2017
36i9NcqbdQFdQfOROpIwMA,Fico Assim Sem Você,Adriana Partimpim,0.809,0.428,10,-8.428,1,0.809,0.0,0.0851,0.507,121.969,188147,4,2017
36ylLzMtvJ2CItc7bN4TcF,Taro,alt-J,0.35,0.476,5,-10.653,1,0.765,0.0039,0.0785,0.293,171.938,314987,4,2017
1NyFRrFiJAJIaR6icj1goI,Skinny Love,Bon Iver,0.592,0.256,4,-14.031,0,0.842,2.38e-06,0.088,0.103,76.361,238533,4,2017
6O1XKTvgVLwytNWdOlFcHI,3WW,alt-J,0.637,0.137,2,-15.131,1,0.74,0.0287,0.0655,0.146,78.017,300107,4,2017
0CO9sYHaTAdEOWcPwW1J3j,O Amor É Assim,Carminho,0.794,0.595,9,-5.423,1,0.329,0.0,0.0601,0.836,112.009,264288,4,2017
3RVupqMb1zXl8FNG9TlWBZ,Mykonos,Fleet Foxes,0.391,0.45,11,-9.251,1,0.417,0.000335,0.14,0.344,121.946,275307,4,2017
49Fu8EcEOZ9OnpM1XpPpyU,Loucos (feat. Héber Marques),Héber Marques,0.514,0.573,10,-9.093,1,0.525,2.28e-05,0.0942,0.355,90.046,270053,4,2017
2UcvadWJXH3jQ3lJRA8RRu,Fitzpleasure,alt-J,0.585,0.594,9,-6.935,1,0.144,0.0011,0.105,0.36,143.94,219400,4,2017
4YrhnS6bODcNYUF4ealcUr,Morena,Tiago Bettencourt,0.609,0.73,9,-4.184,1,0.119,0.0,0.111,0.627,105.009,241067,4,2017
0FE9t6xYkqWXU2ahLh6D8X,Shape of You,Ed Sheeran,0.825,0.652,1,-3.183,0,0.581,0.0,0.0931,0.931,95.977,233713,4,2017
03Cu1d9U6Xrs27qPlk1ULx,Roady,Fat Freddy's Drop,0.825,0.432,5,-9.56,0,0.0723,0.00109,0.164,0.842,173.023,429960,4,2017
5n0CTysih20NYdT2S0Wpe8,Trouble,Cage The Elephant,0.47,0.623,0,-5.655,1,0.392,0.000453,0.0992,0.298,77.861,225973,4,2017
126TblwXGNTUZ7RPMnThkU,Left Hand Free,alt-J,0.698,0.876,3,-4.45,1,0.452,0.0133,0.0824,0.81,101.992,173631,4,2017
5aAx2yezTd8zXrkmtKl66Z,Starboy,Daft Punk,0.681,0.594,7,-7.028,1,0.165,3.49e-06,0.134,0.535,186.054,230453,4,2017
1lzr43nnXAijIGYnCT8M8H,It Wasn't Me,Rik Rok,0.853,0.606,0,-4.596,1,0.0561,0.0,0.313,0.654,94.759,227600,4,2017
0A3b3cu2JPBUTGC6qJEqUy,Mo Boy,Dillaz,0.855,0.65,7,-7.007,1,0.546,1.1e-05,0.103,0.383,90.013,232000,4,2017
5QD4hHEv8812JagZlH1MMy,In Cold Blood,alt-J,0.493,0.748,11,-5.474,0,0.138,0.000548,0.273,0.6,143.467,206853,4,2017
5c5a2Ptu8eyIpljhQHjIqk,Ain't No Rest For The Wicked - Original Version,Cage The Elephant,0.635,0.914,0,-5.631,1,0.0597,0.0,0.601,0.922,156.014,175493,4,2017
05lBuZWQ2OhQuzoCSIkvUF,Holocene,Bon Iver,0.379,0.306,1,-14.446,1,0.942,0.323,0.123,0.157,147.902,336613,4,2017
0UcEomvOXjRN6q9KFuqo5q,Adeline,alt-J,0.414,0.339,6,-14.711,0,0.686,0.894,0.119,0.0467,142.025,350493,4,2017
6PCUP3dWmTjcTtXY02oFdT,Castle on the Hill,Ed Sheeran,0.461,0.834,2,-4.868,1,0.0232,1.14e-05,0.14,0.471,135.007,261154,4,2017
6wFyAbv1NSf92mS2yEhagK,Call Back Home,Kyle Lionhart,0.727,0.455,11,-8.165,0,0.363,0.0,0.109,0.491,113.025,178420,4,2017
2foeNOzjUMkbKOi5tltNIH,O Jogo - Acoustic Version,Tiago Bettencourt,0.377,0.541,1,-7.461,1,0.522,0.0159,0.682,0.354,131.921,296307,4,2017
29giSMc0PUbiC1rhkFd5iZ,Loucos de Lisboa,João Gil,0.604,0.561,7,-8.025,1,0.561,0.0645,0.0858,0.428,109.865,285880,4,2017
4XTuSMs47SIg35KxhNIUGe,White Winter Hymnal,Fleet Foxes,0.629,0.534,6,-9.054,0,0.437,3.33e-06,0.328,0.649,124.964,147027,4,2017
2Yc3aWoe4P0l5V27Li6vNC,I'm Only Human After All,"John ""The Ragin Cajun"" Jones",0.666,0.592,9,-7.568,1,0.364,0.0,0.232,0.709,149.873,197309,4,2017
0HV1cGoX5ASBlPA1pqH8fG,Every Other Freckle,alt-J,0.528,0.707,2,-7.626,1,0.625,0.0355,0.116,0.502,143.802,216004,4,2017
4OigZ61GmamXid9hsu71GV,Maria,Tiago Bettencourt,0.391,0.352,8,-5.92,0,0.087,2.03e-05,0.136,0.304,150.55,279547,4,2017
2vSYmvbXodsBVZKdWwKa2m,Sleep By Rivers,Kyle Lionhart,0.639,0.361,9,-13.296,1,0.67,0.000333,0.121,0.407,86.53,241023,4,2017
7iL6o9tox1zgHpKUfh9vuC,In Da Club,50 Cent,0.899,0.713,6,-2.752,0,0.255,0.0,0.0708,0.777,90.051,193467,4,2017
7q2vQa5a1LCqEbssxR1QXF,Cigarette Daydreams,Cage The Elephant,0.637,0.676,2,-3.427,1,0.0832,0.0,0.0819,0.275,113.94,208766,4,2017
5lWIpVQRlyiR06B6PAYk9t,Sweet Girl,Kyle Lionhart,0.66,0.373,2,-11.335,1,0.683,1.79e-06,0.0925,0.479,89.887,145567,4,2017
4g5ZBMYV1onDqb09NIpaWz,After you’ve gone,Salvador Sobral,0.743,0.331,5,-11.779,0,0.838,0.0,0.144,0.809,136.389,117283,4,2017
1Q3t9fWvHUXKsMmpD2XpUu,Cold Cold Cold,Cage The Elephant,0.549,0.789,5,-6.071,1,0.0178,6.68e-05,0.059,0.715,136.125,214387,4,2017
3oSnMDaL0WsWyp2Gy80ulq,Blackbird,Fat Freddy's Drop,0.72,0.791,7,-6.902,0,0.0377,0.73,0.504,0.535,95.01,567459,4,2017
0YtFqZhheQZIrVc0qbqL8D,Re-tratamento,Da Weasel,0.841,0.475,4,-7.512,1,0.0743,0.000506,0.115,0.451,174.963,245693,4,2017
6sSu6bHOIEe48kU7R3xj34,Nara,alt-J,0.514,0.52,4,-7.8,1,0.451,0.641,0.12,0.0824,146.874,296058,4,2017
1Y5bCvR2kEdEeAmMHftGUm,Moving Forward,Kyle Lionhart,0.619,0.3,5,-12.9,1,0.803,0.000305,0.104,0.245,111.976,266262,4,2017
3l2K1gEKG6wwrguFthojTd,Desfado,Ana Moura,0.704,0.577,2,-5.641,1,0.261,0.0,0.133,0.882,119.874,155520,4,2017
2JzD6bamosfIkcLVJ0Q1VQ,Carta - Acoustic Version,Tiago Bettencourt,0.351,0.511,0,-10.761,1,0.588,0.0108,0.968,0.275,154.033,294747,4,2017
3UjSOJ00E1eLMcayBm827Q,Amar pelos Dois,Salvador Sobral,0.21,0.0959,5,-17.767,1,0.854,0.00355,0.261,0.167,175.914,185080,3,2017
0X0Lz7LwpiIWcdGqVWaxXD,Mess Around,Cage The Elephant,0.423,0.931,4,-5.229,0,0.0122,0.00103,0.629,0.605,150.385,173173,4,2017
1bidGYLF9SSG4QfS3byUv6,Tudo O Que Eu Te Dou,Pedro Abrunhosa,0.423,0.113,3,-18.047,1,0.947,0.27,0.0876,0.148,94.159,233533,4,2017
4Y0GAZlDxSQoq27K6uTNOr,Sara,Tiago Bettencourt,0.653,0.499,9,-12.361,1,0.644,0.12,0.208,0.365,100.973,292720,4,2017
13TJTw8ibmhFdDWu2xPyB8,Lado lunar,Rui Veloso,0.665,0.799,0,-7.703,1,0.0192,3.08e-05,0.0795,0.806,121.785,274000,4,2017
4A1hNHB82Ok9x2HksG21MJ,Excuse Me,Salvador Sobral,0.616,0.354,2,-11.176,1,0.555,0.000135,0.101,0.41,105.466,263102,4,2017
63QY4B9i0QlKkuldsZ5CNL,Coisa Linda,Tiago Iorc,0.68,0.511,1,-8.956,1,0.332,0.0263,0.0974,0.184,94.016,180137,4,2017
5caUpMNinz52sFOHqGMOdd,Carta,Toranja,0.541,0.333,0,-10.712,1,0.24,0.00135,0.0919,0.183,80.0,259400,4,2017
0jpsrlzDDRxitKz41vsnsx,Compromise,Kyle Lionhart,0.579,0.437,11,-10.669,0,0.582,3.42e-06,0.115,0.12,114.41,254667,4,2017
1W4SLYqNQsxCSIWpDLXyJN,Canção De Engate - Acoustic Version,Tiago Bettencourt,0.243,0.642,8,-6.67,1,0.251,0.0309,0.882,0.179,73.643,324733,3,2017
41MiXBbreuJWwDiu1D22Tp,Nem eu,Salvador Sobral,0.402,0.0331,0,-18.467,1,0.984,0.00692,0.0861,0.332,89.701,194429,5,2017
0vY0Kn5TJewioo4yUUAJC0,Vida Boa,Slow J,0.581,0.507,5,-8.195,0,0.0326,5.45e-05,0.206,0.565,124.403,234313,4,2017
6PJ8FF6UR8FZXfEvpHkIVN,How Would You Feel (Paean),Ed Sheeran,0.617,0.439,9,-5.63,1,0.424,0.0,0.127,0.242,139.979,280533,4,2017
4nAyv6465LBywy7tOx78bc,Party Monster,The Weeknd,0.582,0.621,1,-8.332,1,0.188,1.71e-05,0.299,0.225,77.555,249213,4,2017
4zf0YxjawF0Ao3aiLEbCED,Come A Little Closer,Cage The Elephant,0.452,0.795,6,-1.797,0,0.0208,1.38e-06,0.171,0.341,147.961,229347,4,2017
5qLTGDTTIHxxIU835qJWfT,Quero Ser Feliz Também - Ao Vivo,Natiruts,0.755,0.55,8,-7.402,0,0.427,0.0,0.697,0.757,91.96,214613,4,2017
0afhq8XCExXpqazXczTSve,Galway Girl,Ed Sheeran,0.624,0.876,9,-3.374,1,0.0735,0.0,0.327,0.781,99.943,170827,4,2017
3Fy0E4ABM3eWKFROMYiegs,Lovely Rita - Remastered,The Beatles,0.61,0.471,8,-9.151,0,0.0634,0.0,0.118,0.63,87.379,162093,4,2017
4RepvCWqsP6zBuzvwYibAS,I Feel It Coming,Daft Punk,0.769,0.813,0,-5.9,0,0.429,0.0,0.0952,0.567,92.985,269187,4,2017
0gOmm8kG1t674vHcRIjHnE,10 Feet Tall,Fat Freddy's Drop,0.828,0.38,7,-10.047,0,0.131,0.553,0.201,0.406,126.342,325510,4,2017
0ZjhezRDgMrEpj5YV3VlkG,Slow Sips,Kyle Lionhart,0.33,0.188,3,-14.328,1,0.898,1.19e-05,0.0915,0.0848,82.192,268636,1,2017
754w4HeOR2R6Si4UmQB8tv,Andei Só - Ao Vivo,Natiruts,0.585,0.622,1,-6.865,0,0.207,0.0,0.83,0.612,145.954,263107,4,2017
7kTvXtMERxvwCGcWv68ssH,Sweat (A La La La La Long),Inner Circle,0.787,0.79,0,-6.649,1,0.0166,0.0,0.18,0.948,173.032,226547,4,2017
1vcxF91pWs9uNwDROuiCPB,Savior,Rise Against,0.554,0.932,5,-3.424,0,0.00154,0.000142,0.425,0.478,112.49,242280,4,2017
1LfWibYjk0TD8YNPtzym9A,33 “GOD”,Bon Iver,0.52,0.389,4,-10.476,1,0.83,0.0265,0.0937,0.326,133.113,213000,4,2017
4JIjgTMy0SnBLbYQ9NYaAx,Protagonista,Dillaz,0.785,0.537,8,-8.722,0,0.211,0.0,0.0975,0.298,94.988,242526,4,2017
7uS3slHwc2pm6OfHWUqL2B,Meu Reggae é Roots - Ao Vivo,Natiruts,0.703,0.617,6,-7.363,1,0.195,4.96e-05,0.0973,0.636,138.93,198947,4,2017
6m2LNopVJKsvBB9l7Z1rwn,Olha a Explosão,MC Kevinho,0.774,0.611,6,-2.883,1,0.109,0.0,0.0805,0.388,89.995,161593,4,2017
3eFepXGITXNDXXHUNqouxi,Shake Me Down,Cage The Elephant,0.457,0.613,9,-5.756,1,0.00463,0.000441,0.0711,0.132,105.11,211373,4,2017
4fi4IPVk7jPB3Nlr2Rea4U,Se Me Deixasses Ser,Tiago Bettencourt,0.737,0.418,4,-10.475,1,0.49,0.173,0.0588,0.518,145.019,240042,4,2017
3Q3LbqfjDhWjmyYeirHfDe,Third of May / Ōdaigahara - Edit,Fleet Foxes,0.256,0.513,10,-6.04,0,0.0244,0.0028,0.127,0.415,142.293,242990,3,2017
29uxFLJJpLPjjRP3bfoOxg,Class A Girl,Kyle Lionhart,0.456,0.4,8,-10.638,0,0.569,0.000431,0.232,0.266,58.564,232525,4,2017
6PWiF46l1dqUm45wSI1x2f,Wandering Eye - Radio Edit,Fat Freddy's Drop,0.861,0.466,11,-7.108,0,0.0441,0.000108,0.14,0.419,119.609,305800,4,2017
1G7NzXToHua1dlHnZQjPP3,És Onde Quero Estar,Mind da Gap,0.51,0.845,5,-6.139,1,0.0133,0.0,0.2,0.607,119.964,315707,3,2017
01a0J96fRD91VnjQQUCqMK,The Kids Aren't Alright,The Offspring,0.527,0.941,1,-4.213,1,0.00594,2.89e-05,0.0641,0.793,99.636,180160,4,2017
0Tl84qfow6Dv0PM60zoBhb,La Bomba,azul azul,0.923,0.768,1,-7.321,1,0.119,0.0,0.0689,0.96,94.013,123960,4,2017
53L6A3I9vf7rgEZnMzx54E,Mountain at My Gates,Foals,0.495,0.931,2,-5.336,0,0.0025,0.0783,0.246,0.617,104.05,244293,4,2017
4VZM71F8XAoLRuNyNLxwWS,29 #Strafford APTS,Bon Iver,0.304,0.229,4,-14.678,1,0.971,0.408,0.109,0.155,80.118,245200,4,2017
46b2AUzUJRxugOJeAgc8LM,Manto de Água,Ana Moura,0.531,0.673,2,-4.447,1,0.31,0.0,0.0675,0.378,137.651,248874,4,2017
2OC6drvbkFDGyPs6e1B2WF,Fool's Errand,Fleet Foxes,0.367,0.487,9,-6.447,0,0.599,0.0747,0.107,0.0788,111.817,288413,4,2017
62hLOAVwp0V2aFuT7sEQC9,Sonho Meu,Mariene De Castro,0.585,0.444,8,-8.805,1,0.638,4.92e-06,0.122,0.442,148.05,228720,4,2017
03m03OVQGPuzt8Rw2r0a7t,Do You Hear The People Sing?,Les Misérables Cast,0.385,0.393,0,-10.326,1,0.891,0.0,0.104,0.541,78.843,123160,4,2017
1b8Zlu3aMVxEbyeospYPrK,Helplessness Blues,Fleet Foxes,0.325,0.46,8,-7.226,1,0.0849,3.6e-06,0.103,0.206,124.864,303387,3,2017
3u9fHuAtjMY1RW2mZfO4Cf,Gangsta's Paradise (feat. L.V.),L.V.,0.641,0.63,8,-6.393,1,0.0372,0.0,0.4,0.415,79.955,241933,4,2017
1HNkqx9Ahdgi1Ixy2xkKkL,Photograph,Ed Sheeran,0.614,0.379,4,-10.48,1,0.607,0.000464,0.0986,0.201,107.989,258987,4,2017
7lGTyU8I09oHFbsRJu3yHk,Sonhar Nesta Vida,Dillaz,0.751,0.501,9,-11.106,0,0.525,7.17e-06,0.0972,0.275,109.915,241091,4,2017
2xwzbQYqTZzO6RvkfHQCBk,Partimos a Pedra,Tiago Bettencourt,0.617,0.691,2,-7.652,0,0.252,0.49,0.291,0.778,158.018,194132,4,2017
0h5m65o5KnMFB4Gq47mbKt,Candy Shop,Olivia,0.619,0.578,11,-8.002,1,0.0214,3.37e-05,0.387,0.731,123.719,208144,5,2017
27B0euJAGD9nhHkIPmY6kk,Sorte Grande,Lúcia Moniz,0.518,0.532,0,-8.278,1,0.413,9.12e-06,0.127,0.342,150.123,215307,4,2017
4sSWukSIqnxnUmvvA7ucFN,Whole Wide World - Unpeeled,Cage The Elephant,0.405,0.751,5,-3.608,1,0.377,0.0,0.0958,0.762,120.826,205707,4,2017
4aWmUDTfIPGksMNLV2rQP2,Despacito (Featuring Daddy Yankee),Daddy Yankee,0.66,0.786,2,-4.757,1,0.209,0.0,0.112,0.846,177.833,228200,4,2017
4Kvg5mmJNW048uhPpr81k1,Garota de Ipanema,Pado Bros and Claryce,0.803,0.679,0,-6.828,1,0.497,0.000317,0.106,0.876,134.889,250032,4,2017
1rk9eGO7AkPX1oafUuOnGs,Blue Ridge Mountains,Fleet Foxes,0.524,0.446,8,-7.823,0,0.688,0.000745,0.101,0.272,97.856,265773,4,2017
2jTidefcsTu6VQhpIImJrt,All I Want,Kodaline,0.209,0.412,0,-9.733,1,0.172,0.15,0.0843,0.162,86.26,305747,3,2017
0o21KBZdbK4M0iY3mBwVmm,Trevo (Tu),Diogo Piçarra,0.599,0.461,10,-7.998,1,0.776,0.0,0.0969,0.467,99.766,206521,4,2017
1DI96QeWKpB5h8gayx4Cqn,Clean The House,Fat Freddy's Drop,0.794,0.632,9,-6.305,0,0.0638,0.457,0.136,0.228,81.004,254112,4,2017
6IfgqeI5iCAk105wZZwt1p,Quebramos os Dois,Toranja,0.389,0.203,7,-12.968,1,0.9,0.000283,0.0592,0.0372,97.763,255640,1,2017
3z7quP9A9iNsTiwGeutzV6,Fado Toninho,Deolinda,0.692,0.21,0,-9.525,1,0.865,0.0,0.16,0.743,77.878,127400,4,2017
2CjGCepEkmxYIKt4onadvo,Chuva no mar (feat. Marisa Monte),Marisa Monte,0.512,0.19,9,-13.266,1,0.831,0.0,0.277,0.281,131.39,204533,3,2017
6RBAJlxHY9Ulvw2y7yk4aX,Forrest Gump,Frank Ocean,0.701,0.417,6,-7.818,0,0.0888,0.000648,0.375,0.186,95.003,194840,4,2018
0tCcebB7qaXD0QnwLMoYyN,1995-12-16,Sam The Kid,0.543,0.829,3,-6.147,0,0.336,0.0,0.326,0.712,98.295,474044,4,2018
6t1ahr2f1t9iSjjNFwFb4C,Jungle,Tash Sultana,0.589,0.699,1,-5.883,0,0.285,8.11e-05,0.0881,0.496,145.997,315603,4,2018
6bWBk9yZLG6xHgRgEtMqhZ,Sina,Banda Maré,0.62,0.588,1,-8.086,1,0.735,0.0,0.12,0.571,76.921,170201,4,2018
2x5Frs6ts14U4MSLrQQlXg,Why iii Love The Moon.,Phony Ppl,0.706,0.483,1,-7.929,1,0.547,1.94e-06,0.136,0.663,92.002,331827,4,2018
2GVwuofy6XO75DuNAHHh52,Pagode,Wet Bed Gang,0.553,0.858,4,-4.06,0,0.397,0.0,0.251,0.64,91.809,217400,4,2018
0R4ZIyB0wMl4rVN8MLZsbk,Get Low,James Vincent McMorrow,0.466,0.213,9,-13.168,0,0.287,0.00464,0.115,0.155,75.015,250480,4,2018
10iGL6nwofLeMj8CbhHs4r,Como Tu,Filipe Gonçalves,0.698,0.49,8,-6.785,0,0.773,0.0,0.137,0.729,175.979,275973,4,2018
7gARZ2i5u5DHC1b1n1fML5,Breezeblocks,alt-J,0.569,0.645,5,-7.368,1,0.118,0.00114,0.146,0.247,74.985,227080,4,2018
4bI8a3bXcI0CIobu3M0F3W,Lately (feat. Bugus & Musa),Musa,0.793,0.529,10,-7.18,0,0.00537,0.0,0.101,0.425,134.945,216947,4,2018
2N3U8uTYhjX2KwGT0pf5x0,"Everyday (feat. Rod Stewart, Miguel & Mark Ronson)",Mark Ronson,0.394,0.661,4,-8.684,1,0.0101,0.0,0.343,0.335,149.822,260987,4,2018
6Bqn71zg1dznO7Ck8ykEWc,Jazz,Mick Jenkins,0.636,0.61,8,-9.665,1,0.25,0.000121,0.113,0.296,125.227,260160,3,2018
2amvxFXHEaSVcqm0kVFh3C,Juventude (É Mentalidade),Sam The Kid,0.669,0.604,9,-6.051,1,0.591,0.0,0.333,0.685,96.052,338187,4,2018
0NnVzBW6TJLaEzcyXjqRDH,Mystik,Tash Sultana,0.548,0.699,2,-7.149,0,0.0223,0.000392,0.0903,0.308,132.798,249296,4,2018
5cbHsv9rP4bjUFslWAt5pF,Sally,Bibi Bourelly,0.681,0.845,6,-2.851,0,0.0803,0.0,0.0593,0.927,78.952,172667,4,2018
5mphdlILgAq3vh1MSvAJTS,Thinkin Bout You,Frank Ocean,0.721,0.339,0,-11.195,1,0.409,0.00153,0.0973,0.2,129.83,200747,4,2018
2212oBX0YELcs0sr6DqGer,Music & Me,Nate Dogg,0.905,0.414,8,-8.112,0,0.105,0.000366,0.0914,0.758,99.133,240627,4,2018
73nNXl2PZ1Z6j2pbfl8N8R,Ouvi Dizer,Ornatos Violeta,0.526,0.54,4,-6.587,1,0.485,0.0,0.0962,0.384,82.021,230907,4,2018
6Ius4TC0L3cN74HT7ENE6e,Wet Dreamz,J. Cole,0.504,0.705,6,-8.205,0,0.0752,0.0,0.128,0.584,175.483,239320,4,2018
6m3ZXs465Rt4Tc1iiLktXL,Broad Shoulders (feat. Chance the Rapper),Chance the Rapper,0.6,0.524,0,-9.297,1,0.822,3.29e-05,0.104,0.449,127.5,227264,4,2018
2sp1sYK2DsxYNvpL1qqrJR,Música,Piruka,0.415,0.56,4,-8.41,0,0.396,0.00521,0.0596,0.431,87.514,228908,4,2018
6ZygaqgtPkiahkiYJhYWhn,Seaside,The Kooks,0.629,0.422,10,-8.542,0,0.705,0.0,0.124,0.325,129.456,99227,4,2018
2T5PIh91ZqVf5FJyfhpUtx,Elas,Regula,0.656,0.551,9,-7.748,0,0.645,0.000848,0.0744,0.391,150.023,223600,4,2018
657PnIhav52kIsVGik3diB,Retrospectiva de um amor profundo,Sam The Kid,0.717,0.534,2,-7.112,0,0.737,0.0,0.122,0.71,94.692,474462,4,2018
4hmbwcUs392W3YQzpO0fcj,Notion,Tash Sultana,0.504,0.422,4,-6.58,0,0.391,0.00877,0.184,0.0735,121.979,341000,4,2018
1G7NzXToHua1dlHnZQjPP3,És Onde Quero Estar,Mind da Gap,0.51,0.845,5,-6.139,1,0.0133,0.0,0.2,0.607,119.964,315707,3,2018
0ytw2owVvegkIS87txqV1O,Swim Good,Frank Ocean,0.613,0.667,5,-8.517,0,0.00171,0.00361,0.0752,0.674,79.898,257187,4,2018
2QjOHCTQ1Jl3zawyYOpxh6,Sweater Weather,The Neighbourhood,0.612,0.807,10,-2.81,1,0.0495,0.0177,0.101,0.398,124.053,240400,4,2018
36ylLzMtvJ2CItc7bN4TcF,Taro,alt-J,0.35,0.476,5,-10.653,1,0.765,0.0039,0.0785,0.293,171.938,314987,4,2018
1xCkZYGKDv7ELjSlIKedOy,No Diggity,Chet Faker,0.672,0.506,2,-12.013,0,0.589,2.38e-05,0.0925,0.5,79.974,225000,4,2018
6BNjBvD32DYE0MuQ2vxvHv,Olha para Tras,Sp Deville,0.516,0.839,8,-4.409,0,0.00677,0.0156,0.134,0.557,166.095,313111,4,2018
3fCicSFX1SFnFK8sfRdArh,Liquor Locker,Vic Mensa,0.559,0.437,6,-7.086,0,0.0542,0.0,0.0551,0.485,79.806,258120,4,2018
66UVpCZ5aH3VV3Ic3PBUrP,Shameless,The Weeknd,0.602,0.559,6,-8.277,1,0.121,0.0,0.107,0.252,100.021,253507,4,2018
6q33G2zCc9Ai7jWTGw81bh,Portus Calle,Slow J,0.775,0.604,1,-7.317,1,0.242,1.21e-06,0.0746,0.881,87.686,191032,4,2018
1pkD31Pt5ZNW3N9v2cFMzc,Subirusdoistiozin,Criolo,0.717,0.501,1,-7.654,1,0.0483,0.0017,0.308,0.568,172.785,212184,4,2018
006pMMCuRo2TFjh8sNGSov,"Dias De Luta, Dias De Gloria",Charlie Brown Jr.,0.346,0.433,3,-10.602,0,0.888,0.0,0.101,0.768,77.963,145467,3,2018
2lZJb2QIvWzM3w7aLIcyD4,Rosas,Regula,0.611,0.539,0,-6.829,0,0.0517,0.000116,0.0795,0.271,80.018,249573,4,2018
4L7jMAP8UcIe309yQmkdcO,Lost,Frank Ocean,0.913,0.603,8,-4.892,1,0.0272,0.000503,0.167,0.497,123.061,234093,4,2018
7GQZ0EVbfUsKPfBIUmcRVF,Murder to the Mind,Tash Sultana,0.568,0.694,10,-5.657,0,0.0916,0.00233,0.145,0.577,86.968,258004,4,2018
0RmNl17nbxnLla2z9JZggz,Bazamos ou ficamos?,Mind da Gap,0.79,0.76,4,-5.895,0,0.244,0.0,0.526,0.922,92.084,266307,4,2018
0NeJjNlprGfZpeX2LQuN6c,River,Leon Bridges,0.658,0.179,8,-10.866,1,0.689,0.0,0.17,0.191,128.128,238560,4,2018
6oYZKdiM93sr0nKgBQADn2,Baby Meet My Lover.,Phony Ppl,0.763,0.419,4,-9.292,0,0.245,0.00388,0.563,0.225,100.999,339920,4,2018
1gqsdl891sEVlHjaV1bTR6,Society,Eddie Vedder,0.635,0.33,11,-10.788,0,0.898,0.000452,0.113,0.317,80.901,236307,4,2018
74utSUgzHXbskV9KzTq8ww,Quem Quer Fumar com o B Fachada,B Fachada,0.648,0.435,6,-14.498,1,0.276,0.239,0.11,0.584,85.977,230800,4,2018
3SEZgDncfa1sqjThdI9JcJ,Angles (feat. Noname & Xavier Omär),Xavier Omär,0.598,0.548,0,-9.317,1,0.57,0.0,0.138,0.347,135.034,263087,4,2018
2ZHF5RmjHVEbwhFO0TAGBT,Voodoo,Filipe Gonçalves,0.631,0.328,9,-10.731,1,0.902,0.0,0.119,0.146,86.967,290736,4,2018
5umDTXkupgkI5wNcG8dHvO,Saíste,Cálculo,0.491,0.556,11,-9.749,0,0.237,0.0,0.169,0.695,96.722,191663,4,2018
0qLt7pQhm8LDxFgI0YXdlY,Heavenly Father,Isaiah Rashad,0.608,0.676,1,-7.56,1,0.212,0.0,0.347,0.57,80.939,260632,4,2018
6Nle9hKrkL1wQpwNfEkxjh,Chanel,Frank Ocean,0.776,0.503,0,-5.732,0,0.874,0.0,0.112,0.473,110.134,210285,4,2018
7n0OAb9pyMzUKCp7LpONFT,Lá Vem Você,Criolo,0.749,0.589,2,-6.274,1,0.675,0.000216,0.109,0.957,164.116,220240,4,2018
4aMBthyrceSKD9omq25HgA,Só os Loucos Sabem,Charlie Brown Jr.,0.39,0.396,7,-8.18,1,0.738,0.0,0.0991,0.57,192.178,210493,4,2018
1SniLCGHvhHJAiGe3hLboq,Green Garden,Laura Mvula,0.708,0.697,1,-6.959,0,0.0766,1.68e-05,0.104,0.268,106.001,249533,4,2018
28YLWwEB6xnJQYN7e062rH,Tell Your Friends,The Weeknd,0.584,0.455,1,-11.066,0,0.246,0.0,0.181,0.308,74.634,334333,4,2018
3kguMbJma0qhOLniGsFlKq,Better Man,Leon Bridges,0.395,0.746,7,-4.938,1,0.219,0.0,0.123,0.671,188.267,140133,4,2018
19EnyPZhNPbRoCxAuv5pKD,Pineapple Skies,Miguel,0.654,0.587,10,-6.331,1,0.026,0.0,0.589,0.288,100.014,281360,4,2018
6halTMaQ0c9rUw2uT2F4s1,Black Man In A White World,Michael Kiwanuka,0.607,0.839,7,-7.861,1,0.469,0.000236,0.0732,0.703,103.724,258960,4,2018
5EYi2rH4LYs6M21ZLOyQTx,Loving Is Easy,Benny Sings,0.756,0.609,3,-7.927,1,0.217,0.00474,0.096,0.537,117.023,155720,4,2018
1Pw8akFkotfgXCJJShq7oh,Postal dos correios,Rio Grande,0.691,0.337,7,-7.881,1,0.494,0.0,0.123,0.561,113.364,161333,4,2018
0Cjkwdd0w3cazvtZJ5e8ax,Ego,Bibi Bourelly,0.618,0.642,5,-4.205,1,0.0638,0.0,0.373,0.51,99.944,204693,4,2018
3xKsf9qdS1CyvXSMEid6g8,Pink + White,Frank Ocean,0.544,0.552,9,-7.45,1,0.67,4.57e-05,0.415,0.554,159.738,184516,3,2018
6ROhm6gtkd6SDets7Jz9d6,Não Existe Amor em Sp,Criolo,0.604,0.412,5,-9.527,0,0.391,0.016,0.0759,0.346,142.002,280033,4,2018
1TdfRFmp4z1h2ecflxCaV3,California Love,2Pac,0.658,0.87,5,-3.019,1,0.0275,0.0,0.656,0.791,91.647,348000,4,2018
64B4oO2vgOsGGSPh0wIUtf,Eu Vou,Sp Deville,0.702,0.799,6,-7.724,1,0.0885,2.11e-05,0.0804,0.197,148.059,239880,4,2018
4WGyY671Z37inSpCTBJoIm,"Earned It (Fifty Shades Of Grey) - From The ""Fifty Shades Of Grey"" Soundtrack",The Weeknd,0.66,0.372,2,-6.025,0,0.417,0.0,0.0954,0.432,119.946,252227,3,2018
15cgafvAf6TIDHMdqZObhq,A Zul,Cálculo,0.739,0.481,10,-8.43,0,0.162,3.72e-06,0.0646,0.78,94.074,238787,4,2018
1R6hlXECMJgMvgHwNpW9XX,face the sun (feat. Lenny Kravitz),Lenny Kravitz,0.422,0.808,5,-4.601,1,0.248,0.0,0.137,0.16,130.931,272693,4,2018
6O2NWKNJsXwZdFiMPzYwZ7,Tinta da Raiz,Slow J,0.751,0.376,1,-11.661,0,0.127,0.0,0.104,0.519,97.067,136060,4,2018
4oWGtWd4deNrZZOopdmCwz,Se Não Acordar Amanhã,Piruka,0.712,0.522,7,-7.337,1,0.652,9.39e-06,0.0821,0.477,145.006,204760,4,2018
5JEO1u99T4EjttBPwtsLcY,New Religion,Jazz Cartier,0.785,0.699,5,-5.011,1,0.0718,0.0,0.0805,0.481,108.041,236466,3,2018
6MJtJ9rIIOyAnhaReWVPzk,Let Me Go,Maverick Sabre,0.525,0.925,10,-4.487,0,0.0162,0.0,0.383,0.64,143.983,211227,4,2018
5zrZHMklhOXABpnBl0EMBN,Novacane,Frank Ocean,0.763,0.516,3,-9.267,1,0.0542,0.000689,0.162,0.363,93.5,302347,4,2018
4AjEhlel30bGtsHCLLRH9f,Dreams,Fabolous,0.772,0.539,9,-5.757,1,0.329,0.0,0.6,0.442,126.933,249966,4,2018
5zOnoB8FdZudDcPX4O8WqF,(No One Knows Me) Like the Piano,Sampha,0.621,0.199,10,-13.788,1,0.976,0.00186,0.107,0.178,128.905,218160,4,2018
5yGVHzJ2Se8pDzR7FIYUlU,Home Again,Michael Kiwanuka,0.564,0.32,9,-11.473,0,0.706,0.0,0.123,0.266,85.891,209920,4,2018
5SqSckut3FcoQKmGkMWgp1,Often,The Weeknd,0.571,0.612,7,-9.851,0,0.229,0.0,0.127,0.0812,133.995,249040,4,2018
5EA06TsQmqmQXZiEhr1AaM,Coming Home,Leon Bridges,0.427,0.465,6,-6.595,1,0.461,5.52e-05,0.154,0.458,112.137,206387,3,2018
3I0w0pdn5s2W44gGmBxsa0,Amanhã Tou Melhor,Capitão Fausto,0.648,0.675,2,-6.57,0,0.206,0.0,0.108,0.884,124.128,206733,4,2018
6fTdcGsjxlAD9PSkoPaLMX,Sunday Candy,Donnie Trumpet & The Social Experiment,0.511,0.596,0,-6.56,1,0.53,0.0,0.0798,0.554,158.063,226014,4,2018
3eze1OsZ1rqeXkKStNfTmi,Juke Jam (feat. Justin Bieber & Towkio),Towkio,0.505,0.397,5,-9.349,1,0.716,0.0,0.0853,0.558,95.063,219683,1,2018
6h5IlvRJ2ZNPloCOdzUmyW,Come Down,Anderson .Paak,0.82,0.908,10,-6.151,0,0.328,0.00155,0.296,0.919,98.381,176693,4,2018
3ujI5Tb5sebqIq2uvXL3UW,Astronauta,Lulu Santos,0.771,0.576,11,-6.036,0,0.515,0.00069,0.174,0.605,95.995,283760,4,2018
7eqoqGkKwgOaWNNHx90uEZ,Nights,Frank Ocean,0.466,0.548,5,-9.362,0,0.42,1.01e-06,0.113,0.423,89.815,307151,4,2018
5mmn71F6MsPW84eOjT4XKk,Salvar o Mundo,Cálculo,0.803,0.454,9,-8.042,0,0.0795,1.16e-06,0.317,0.572,94.976,178421,4,2018
5uIMnjPO0oXENZAJ5k8Ehh,Blues Hand Me Down,Vintage Trouble,0.399,0.97,5,-3.381,0,0.00298,0.000113,0.116,0.701,161.801,225853,4,2018
5WIcg3ItGo5xCe8ExcY9Ax,what's normal anyway,Miguel,0.649,0.749,6,-6.454,0,0.485,0.000539,0.188,0.343,100.995,193760,4,2018
1bidGYLF9SSG4QfS3byUv6,Tudo O Que Eu Te Dou,Pedro Abrunhosa,0.423,0.113,3,-18.047,1,0.947,0.27,0.0876,0.148,94.159,233533,4,2018
17vQTNbvhpvi92qOnDOFHB,The Law (feat. Mac Miller & Rapsody),Rapsody,0.744,0.637,1,-7.297,0,0.249,0.0,0.0965,0.697,139.882,329208,4,2018
0MFj1bBmr0c1JN99Htn0OY,Martyrs,Mick Jenkins,0.619,0.607,1,-9.483,1,0.206,0.0,0.113,0.202,97.899,219339,4,2018
1QkrPJj7z5zMZW9QRGzwkc,Buracos Negros,Sp Deville,0.325,0.451,9,-8.835,0,0.234,0.000628,0.0971,0.118,139.884,302548,4,2018
3eLoBXjM4tYj1QR1lLFh7s,"Over Much (feat. Alex Wiley, Caleb James)",Caleb James,0.822,0.655,8,-5.432,1,0.0705,0.0,0.096,0.669,142.011,217000,4,2018
0HU8CeTestQjoRF2ekaLqx,Stoney,Bjrknc,0.735,0.639,6,-7.464,0,0.295,0.0,0.108,0.695,158.865,211296,4,2018
2zk7TQx9Xa4yxYmsjgDCPp,Somehow.,Phony Ppl,0.502,0.399,11,-9.934,1,0.719,0.00363,0.645,0.124,92.904,230973,4,2018
2ZWlPOoWh0626oTaHrnl2a,Ivy,Frank Ocean,0.567,0.388,9,-9.579,0,0.782,0.000309,0.248,0.452,116.362,249191,4,2018
5aQhZF4zbD4BZcFnmZJLPh,Cristalina,Slow J,0.636,0.0158,0,-22.799,1,0.969,6.78e-06,0.0779,0.0703,80.923,238377,4,2018
3A0hoy41ilBIttiuTMA2RX,Dead Or Alive,Jazz Cartier,0.424,0.798,5,-5.583,1,0.17,0.0,0.174,0.637,205.276,194947,4,2018
3Ta3a06kFTBkqADHg4J6KH,Jupiter,Benjamin Clementine,0.719,0.483,7,-10.723,0,0.555,0.000137,0.687,0.609,85.981,161000,4,2018
20cbGw4DpRYSVapv3RQkx7,Fé na Luta,Tais Alvarenga,0.652,0.613,1,-9.97,1,0.349,1.45e-06,0.117,0.111,86.95,217083,4,2018
2Uvy6SkNqxvnH1W68dymxG,Redbone,Childish Gambino,0.745,0.359,1,-10.429,1,0.192,0.00628,0.138,0.55,160.123,326933,4,2018
47aeY6IupdZAkLVoe5atUB,Run Like The River,Vintage Trouble,0.649,0.944,2,-4.518,1,0.0158,4.41e-05,0.161,0.489,126.059,219745,4,2018
0VHqu9W2LhBgTzPIjpTfFp,I Need,Maverick Sabre,0.503,0.515,0,-5.596,1,0.363,0.0,0.041,0.446,93.089,240453,4,2018
6t1ahr2f1t9iSjjNFwFb4C,Jungle,Tash Sultana,0.589,0.699,1,-5.883,0,0.285,8.11e-05,0.0881,0.496,145.997,315603,4,2019
7mptueK99zxqmgIdT3SaWF,Spirit Bird,Xavier Rudd,0.392,0.315,0,-10.371,1,0.488,0.0,0.127,0.253,126.243,429236,4,2019
1B0BQaSRHxhI0AUlItY3LK,MALAMENTE - Cap.1: Augurio,ROSALÍA,0.893,0.482,0,-4.779,0,0.549,0.0164,0.0752,0.53,97.975,150027,4,2019
0wXuerDYiBnERgIpbb3JBR,Redbone,Childish Gambino,0.743,0.347,1,-11.174,1,0.167,0.00951,0.103,0.572,160.143,326933,4,2019
0NnVzBW6TJLaEzcyXjqRDH,Mystik,Tash Sultana,0.548,0.699,2,-7.149,0,0.0223,0.000392,0.0903,0.308,132.798,249296,4,2019
5TBsLU9TSxjDLzMpsEgJsv,Drinkee,Sofi Tukker,0.771,0.69,2,-7.595,1,0.0492,0.629,0.134,0.346,115.009,299294,4,2019
1PfUKiMDKIlPEF9FfdJawc,hope is a dangerous thing for a woman like me to have - but I have it,Lana Del Rey,0.492,0.144,7,-10.125,1,0.965,1.84e-06,0.161,0.274,164.839,324302,3,2019
3vgiIJW3iSQRRvgYiW86i9,Brillo,ROSALÍA,0.535,0.384,9,-10.049,0,0.89,0.0,0.0964,0.767,145.947,159573,4,2019
6qX4gWRXTRPIrEfNuNaYye,Beat 54 (All Good Now),Jungle,0.646,0.695,2,-6.34,1,0.517,0.00687,0.154,0.513,105.986,246815,4,2019
5eH5Sz2mBFVifIjTE8nLa6,Storm Boy,Xavier Rudd,0.51,0.532,7,-10.408,1,0.782,0.0,0.119,0.426,131.864,239084,4,2019
3KS09EvUKTtPgTHbBBsLCw,Follow the Sun,Xavier Rudd,0.613,0.391,0,-10.749,1,0.532,2.63e-05,0.109,0.218,123.985,255493,4,2019
2Sfl7odHUmG7qc8SbqUyzE,DI MI NOMBRE - Cap.8: Éxtasis,ROSALÍA,0.794,0.534,8,-6.47,0,0.885,5.18e-05,0.314,0.547,91.871,162377,4,2019
4hmbwcUs392W3YQzpO0fcj,Notion,Tash Sultana,0.504,0.422,4,-6.58,0,0.391,0.00877,0.184,0.0735,121.979,341000,4,2019
76bcaYeKOKTrj9lEc9BZFU,Quando Bate Aquela Saudade,Rubel,0.55,0.314,7,-14.133,1,0.895,0.0107,0.188,0.595,90.088,394707,4,2019
2P55WGr4ykdZWXdmY9UlJC,Come Let Go,Xavier Rudd,0.543,0.542,7,-8.649,1,0.113,0.0512,0.39,0.261,140.092,412227,4,2019
5mphdlILgAq3vh1MSvAJTS,Thinkin Bout You,Frank Ocean,0.721,0.339,0,-11.195,1,0.409,0.00153,0.0973,0.2,129.83,200747,4,2019
7a7GQ5TxTUMF2LozDdml6V,"Capitão Romance (Aventuras No Mundo, Cap. I - Rumo À Verdade)",Gordon Gano,0.433,0.497,11,-9.284,1,0.699,0.0,0.311,0.572,147.823,229667,4,2019
5r8mGKhCDIVWb3AG4hm0l0,PIENSO EN TU MIRÁ - Cap.3: Celos,ROSALÍA,0.647,0.676,8,-6.025,1,0.0909,0.0227,0.0947,0.41,164.51,193767,3,2019
53wIXzJGXvoAvsBLfs0eQT,Walk Away,Xavier Rudd,0.528,0.488,11,-9.239,1,0.541,8.21e-05,0.103,0.348,120.76,235106,4,2019
4osgfFTICMkcGbbigdsa53,Novacane,Frank Ocean,0.762,0.508,3,-9.112,1,0.0584,0.00126,0.16,0.37,93.51,302347,4,2019
49KVrwFWzaOnbdvwiY6nOW,Cape Cod Kwassa Kwassa,Vampire Weekend,0.853,0.515,2,-7.134,1,0.843,0.0652,0.127,0.751,104.999,214707,4,2019
56J3LeDlMYgtyoj3LIZWGQ,Long Day Home,Time for T,0.431,0.681,6,-6.174,0,0.159,3.1e-06,0.145,0.526,100.785,264978,4,2019
7KA4W4McWYRpgf0fWsJZWB,See You Again (feat. Kali Uchis),Kali Uchis,0.558,0.559,6,-9.222,1,0.371,7.49e-06,0.109,0.62,78.558,180387,4,2019
4SSnFejRGlZikf02HLewEF,bury a friend,Billie Eilish,0.905,0.389,8,-14.505,1,0.74,0.162,0.106,0.196,120.046,193143,4,2019
4L7jMAP8UcIe309yQmkdcO,Lost,Frank Ocean,0.913,0.603,8,-4.892,1,0.0272,0.000503,0.167,0.497,123.061,234093,4,2019
1It1TxBK3xIQAB4xJkPevn,Blue Lights,Jorja Smith,0.692,0.57,7,-8.077,1,0.666,0.0,0.107,0.309,91.917,250454,4,2019
5GbVzc6Ex5LYlLJqzRQhuy,Mystery of Love,Sufjan Stevens,0.365,0.273,4,-16.526,0,0.94,0.431,0.109,0.238,132.285,248960,5,2019
6zWU7YALeEDMcPGhKKZJhV,Navajo,Masego,0.567,0.593,6,-7.404,0,0.117,1.32e-06,0.248,0.358,88.545,194157,4,2019
5WB0mgQhlXV3wrb4RXwYy0,Maria,Time for T,0.653,0.573,8,-7.294,1,0.619,1.44e-05,0.253,0.512,128.655,263693,4,2019
3g86N0SqyfxEVNMHlmW3RE,Busy Earnin',Jungle,0.457,0.883,10,-5.61,0,0.209,5.11e-06,0.0912,0.736,99.937,181773,4,2019
5ydb0ngKg248ofPWXSFjpG,Big Smoke,Tash Sultana,0.673,0.55,2,-6.595,1,0.0324,0.00319,0.06,0.54,129.982,238784,4,2019
51rPRW8NjxZoWPPjnRGzHw,Tadow,FKJ,0.704,0.487,9,-6.407,0,0.669,8.64e-05,0.111,0.313,121.726,301893,4,2019
6RBAJlxHY9Ulvw2y7yk4aX,Forrest Gump,Frank Ocean,0.701,0.417,6,-7.818,0,0.0888,0.000648,0.375,0.186,95.003,194840,4,2019
5nF6drlQTtXc5iThQoyONB,Happy Man,Jungle,0.594,0.516,9,-7.848,0,0.198,2.99e-05,0.0736,0.154,108.018,191530,4,2019
2N3U8uTYhjX2KwGT0pf5x0,"Everyday (feat. Rod Stewart, Miguel & Mark Ronson)",Mark Ronson,0.394,0.661,4,-8.684,1,0.0101,0.0,0.343,0.335,149.822,260987,4,2019
3oSnMDaL0WsWyp2Gy80ulq,Blackbird,Fat Freddy's Drop,0.72,0.791,7,-6.902,0,0.0377,0.73,0.504,0.535,95.01,567459,4,2019
30Jf4qTyfEJWDZj5VgIti5,Papaya,Yiuliusly,0.799,0.491,10,-16.426,1,0.0783,0.0277,0.106,0.0364,110.01,218227,4,2019
7dQFpbs34ufIEU745DVclf,Aute Cuture,ROSALÍA,0.747,0.643,7,-6.991,1,0.0756,0.00894,0.355,0.538,99.981,147626,4,2019
3CgZCQyuyxHRMWB9BTwmni,Swim Good,Frank Ocean,0.653,0.668,0,-8.183,1,0.00116,0.00269,0.0731,0.711,160.048,257187,4,2019
7BB2ht9dfciuMQ1rFPaooo,Doce,Boogarins,0.537,0.661,11,-7.283,1,0.00478,5.55e-05,0.288,0.462,119.988,297253,4,2019
02CygBCQOIyEuhNZqHHcNx,It Runs Through Me,De La Soul,0.802,0.607,11,-11.028,0,0.205,0.000748,0.246,0.274,96.916,261881,4,2019
7ybmDcZMQhv8JdPEQoe48i,Dia Mau,Ornatos Violeta,0.599,0.851,2,-4.586,1,0.216,0.0,0.0695,0.656,82.997,171933,4,2019
6zfczP87XO2SxWlQtnjFNa,The Look,Metronomy,0.638,0.535,9,-7.792,0,0.623,0.0391,0.0837,0.504,84.947,277653,4,2019
5sDxIlinyY5NL7HIt1XJ1j,Talk It Out,Tash Sultana,0.381,0.897,11,-4.092,1,0.0681,0.0321,0.163,0.532,89.157,190726,4,2019
0fIFjeeLJjIBliWUCsxyMF,Teenage Fantasy,Jorja Smith,0.583,0.677,4,-10.21,0,0.47,0.193,0.43,0.495,176.119,226906,4,2019
5vdvIiHWaljPVkmq6AgWdr,The Letter,Xavier Rudd,0.479,0.435,4,-11.019,0,0.635,0.0215,0.101,0.408,96.125,252400,4,2019
2Fxmhks0bxGSBdJ92vM42m,bad guy,Billie Eilish,0.701,0.425,7,-10.965,1,0.328,0.13,0.1,0.562,135.128,194088,4,2019
6ElSiKL8Pj6ly2gxYNGAQ8,Artemísia,Carne Doce,0.707,0.6,4,-7.384,1,0.108,0.518,0.103,0.349,112.033,252347,4,2019
6Y7Md7FWqDvWxu4jK6pM9K,Can't Buy Happiness,Tash Sultana,0.385,0.231,8,-10.612,0,0.858,0.00321,0.108,0.166,100.95,191760,4,2019
33wUd3GgaRf2rux2aJ71yb,Casio,Jungle,0.816,0.492,10,-7.464,0,0.431,0.0899,0.0995,0.766,115.989,234370,4,2019
7gARZ2i5u5DHC1b1n1fML5,Breezeblocks,alt-J,0.569,0.645,5,-7.368,1,0.118,0.00114,0.146,0.247,74.985,227080,4,2019
6Bqn71zg1dznO7Ck8ykEWc,Jazz,Mick Jenkins,0.636,0.61,8,-9.665,1,0.25,0.000121,0.113,0.296,125.227,260160,3,2019
79OKfIXCPbNhZa3h1ZREag,Where Did I Go?,Jorja Smith,0.714,0.59,5,-9.849,1,0.365,0.167,0.0844,0.357,97.048,191992,4,2019
0Gpq0lllEPZf98gVo9C4uS,"Heavy, California",Jungle,0.674,0.713,6,-7.46,0,0.0733,0.139,0.169,0.704,111.017,184600,4,2019
5HQVUIKwCEXpe7JIHyY734,"Young, Wild & Free (feat. Bruno Mars)",Bruno Mars,0.715,0.655,0,-6.425,1,0.0525,0.0,0.115,0.531,95.078,207333,4,2019
5G27k001keXAIOjiFbzgBV,Eyes,Time for T,0.576,0.706,2,-7.868,1,0.58,0.0,0.0933,0.702,126.323,215975,3,2019
4ywIrrFcXcD8DTn3EuGYxd,Cigarettes,Tash Sultana,0.557,0.753,11,-5.052,0,0.032,6.86e-05,0.0598,0.562,158.023,322716,4,2019
2Kerz9H9IejzeIpjhDJoYG,Love,Lana Del Rey,0.527,0.366,10,-10.943,1,0.487,0.0023,0.11,0.234,98.994,272743,4,2019
36ylLzMtvJ2CItc7bN4TcF,Taro,alt-J,0.35,0.476,5,-10.653,1,0.765,0.0039,0.0785,0.293,171.938,314987,4,2019
1DohFoARZHxECacSWRYyjT,Fortune Teller,Xavier Rudd,0.6,0.608,11,-9.378,0,0.521,0.454,0.628,0.571,122.175,207093,4,2019
44GokgCa37BTZP2NU2zkoJ,Shutdown,Skepta,0.656,0.746,7,-4.716,1,0.126,0.0,0.508,0.824,104.044,188939,3,2019
1zZ7vl1amOLI4GE5oUn0YB,BAGDAD - Cap.7: Liturgia,ROSALÍA,0.707,0.36,0,-8.89,0,0.737,6.97e-05,0.0977,0.358,80.055,182657,4,2019
7ADcBtMDWTDWAUyR3IFquc,Polly,Whitney,0.565,0.306,2,-6.797,1,0.91,0.101,0.312,0.247,77.181,206027,4,2019
1vSZ2puc41FJ2G5rldNMAr,Sweet Rita,Zanibar Aliens,0.319,0.801,9,-9.54,1,0.00472,0.019,0.298,0.598,146.988,317525,4,2019
4MlfMyLq5REr81WoHM6y0N,Calabria 2008,Natasja,0.874,0.753,10,-8.347,0,0.0633,0.000268,0.0629,0.816,126.057,225933,4,2019
1ulmJh7abgw27HTLIyfDSS,BLACK EFFECT,The Carters,0.498,0.688,8,-6.58,1,0.18,0.0,0.481,0.507,147.899,315040,4,2019
4QC2qwMNurhQBdBK48CITo,Faço as Vontades,Capitão Fausto,0.729,0.616,5,-5.485,1,0.435,0.0,0.08,0.914,76.568,219902,4,2019
7N1VErmrppfbg9HflmxuD0,Breeze - Live,Xavier Rudd,0.703,0.319,10,-9.781,1,0.221,8.76e-05,0.973,0.305,132.709,374096,4,2019
60XsYJvosWIES45lrR72pB,Recomeçar,Tim Bernardes,0.315,0.181,0,-10.321,1,0.944,8.22e-05,0.0821,0.152,100.737,235443,3,2019
0PB8KUQHpc7GveSOaWhGwb,No Diggity,Chet Faker,0.575,0.77,2,-4.795,0,0.678,0.00122,0.116,0.468,160.006,221533,4,2019
6twQJ2KMwNzODCY0HzXP2E,"Best Friend (feat. NERVO, The Knocks & ALISA UENO)",ALISA UENO,0.699,0.7,11,-5.704,1,0.0109,0.0794,0.152,0.3,102.023,184880,4,2019
2fdxBYPXRaNEh6o4ah9qgp,Keep It Simple,Xavier Rudd,0.565,0.713,0,-9.177,1,0.541,0.073,0.0896,0.748,136.071,298445,4,2019
6BoXcNAjYwddyg9oKLpfvv,Honey Bones,DOPE LEMON,0.549,0.668,0,-4.483,0,0.173,0.0212,0.282,0.0854,104.016,325827,4,2019
3onYsieuDICdVt5ULZSExF,Barefoot In The Park (feat. ROSALÍA),ROSALÍA,0.558,0.632,9,-8.339,0,0.832,0.105,0.198,0.519,161.764,211200,4,2019
2212oBX0YELcs0sr6DqGer,Music & Me,Nate Dogg,0.905,0.414,8,-8.112,0,0.105,0.000366,0.0914,0.758,99.133,240627,4,2019
3oxGtOS3Z3H6gfsWFDdTSg,Let Me Be,Xavier Rudd,0.563,0.496,2,-9.252,1,0.665,0.000615,0.119,0.617,92.372,251995,4,2019
6xe8Sx5h8MYL3ZD5totFZT,Horchata,Vampire Weekend,0.835,0.787,0,-7.078,1,0.0741,0.0,0.294,0.827,120.0,206733,4,2019
6QpZXzHcOgXK41Y3YCx203,Little Lies,ODIE,0.34,0.294,2,-15.989,1,0.593,0.68,0.0944,0.136,83.938,220008,4,2019
3KLtM4rOQwmZoLTiyXEfur,Chaga,Ornatos Violeta,0.407,0.917,4,-5.121,0,0.193,0.000153,0.111,0.419,174.054,182360,4,2019
1Pw8akFkotfgXCJJShq7oh,Postal dos correios,Rio Grande,0.691,0.337,7,-7.881,1,0.494,0.0,0.123,0.561,113.364,161333,4,2019
0YDMGiwxjDbZwqtCnkDHot,Telefono,Phoenix,0.655,0.512,8,-10.07,1,0.128,0.00328,0.068,0.512,121.058,225400,4,2019
7yZTPEXSUqWw7sEYKKDv2N,Every Single Thing,HOMESHAKE,0.816,0.255,6,-10.016,0,0.774,0.00684,0.114,0.323,89.922,155528,4,2019
0cLS7FslBJgsuWwJNRnPWB,Doin' Time,Lana Del Rey,0.621,0.692,7,-5.837,0,0.336,0.000458,0.0877,0.446,144.968,201997,4,2019
2xar08Fq5xra2KKZs5Bw9j,I've Got a Woman,Ray Charles,0.556,0.61,9,-4.729,1,0.833,2.22e-06,0.258,0.665,199.373,171467,4,2019
6hGHoh4SehJPBLRheHMVm6,Comfortable In My Skin,Xavier Rudd,0.486,0.281,11,-7.593,1,0.614,8.95e-06,0.145,0.446,107.618,192885,4,2019
7C3KqkEC6dndggv3ncJPjz,What Is Jazz,Club des Belugas,0.828,0.769,6,-9.497,1,0.41,0.00743,0.0915,0.813,129.988,315960,4,2019
32sBVB5HmrwJ6e9g0S2BRL,Damselfly,Tom Misch,0.82,0.596,11,-7.539,1,0.517,0.00159,0.358,0.54,94.968,172653,4,2019
7AluhhfZ0AO0Zw8MoUstzN,Venice Bitch,Lana Del Rey,0.388,0.296,9,-13.04,0,0.916,0.267,0.105,0.294,78.785,576346,4,2019
4XrIOcnjqMvkGRjeJ9SMN7,Pensa Na Oji,Dino d'Santiago,0.669,0.584,1,-10.32,0,0.651,0.0,0.311,0.74,94.953,212040,3,2019
6HpgdL4zUpuyXCzvAhgR5a,QUE NO SALGA LA LUNA - Cap.2: Boda,ROSALÍA,0.625,0.655,9,-5.992,0,0.763,0.000126,0.378,0.485,121.075,269539,3,2019
3LA7ZaQVcRDV5OKh8R7tbj,Que Estrago,Letrux,0.755,0.703,1,-7.262,1,0.0702,0.00575,0.166,0.418,96.996,249343,4,2019
7FNZKo3auqon1MJXeudbHI,No Woman No Cry - Live,Xavier Rudd,0.598,0.4,4,-10.177,1,0.654,0.00345,0.694,0.359,94.728,326245,4,2019
0DJBgBiYeSn6n1AXAkFVE8,I Am,Jorja Smith,0.601,0.583,8,-5.725,0,0.144,9.73e-05,0.183,0.32,148.785,208760,4,2019
5uIRujGRZv5t4fGKkUTv4n,Feeling Lonely,boy pablo,0.635,0.537,6,-10.45,0,0.014,3.72e-05,0.103,0.885,117.942,197947,4,2019
4OoVWF7lPUyq7yQgl1icvv,Me n U,Trombone de Frutas,0.432,0.254,0,-10.855,1,0.894,0.585,0.105,0.157,110.763,237540,4,2019
3A1NvmCEELpPD1mBotXokL,Butterfly,Xavier Rudd,0.563,0.313,0,-14.509,1,0.876,0.139,0.398,0.325,120.282,130216,4,2019
3HNKZy1An5Jlnb02lcV2yd,Southern Nights,Whitney,0.568,0.295,7,-7.867,0,0.993,0.499,0.14,0.43,84.225,212622,4,2019
2om86fvyOE6GGtubpMkZpC,Gi' mig Danmark tilbage,Natasja,0.782,0.812,11,-2.185,0,0.027,0.0,0.081,0.772,80.03,213293,4,2019
0mt02gJ425Xjm7c3jYkOBn,Lust For Life (with The Weeknd),The Weeknd,0.504,0.655,0,-8.644,0,0.604,0.00193,0.364,0.262,99.982,264066,4,2019
49sqQIS868rKIy5NBUmJV6,The Heat,Jungle,0.649,0.878,5,-7.754,0,0.277,0.154,0.424,0.645,109.984,196053,4,2019
